SampleName,Bortezomib,Dactinomycin.1,Docetaxel,Sepantronium.bromide,Daporinad,Vinblastine,Staurosporine,Vinorelbine,Dinaciclib,Eg5
TCGA-05-4420-01,0.008849005,0.009785373,0.011254596,0.009713428,0.012919889,0.026010579,0.054267574,0.056068232,0.064036868,0.049392491
TCGA-91-6840-01,0.007041541,0.008002903,0.010165337,0.008974503,0.010101736,0.02689453,0.034912378,0.049786218,0.059444368,0.058838628
TCGA-44-6778-01,0.007274162,0.008034777,0.013069441,0.028185219,0.01925814,0.033541594,0.048755445,0.038655109,0.054793107,0.07104431
TCGA-67-3774-01,0.007378264,0.007619806,0.011234374,0.012976567,0.015559697,0.024403133,0.052556489,0.051321229,0.059544833,0.046868473
TCGA-64-1679-01,0.008203606,0.009931044,0.011978432,0.009831312,0.021462742,0.038243827,0.048175854,0.06723042,0.06390681,0.075349677
TCGA-55-6982-01,0.006446401,0.006720025,0.009447026,0.010209604,0.011360045,0.021916719,0.034186209,0.041589696,0.056386102,0.05242977
TCGA-NJ-A4YI-01,0.008314017,0.008711948,0.010945732,0.029054809,0.009132504,0.022819668,0.053468417,0.045647364,0.059326956,0.048639962
TCGA-MN-A4N1-01,0.008229202,0.008418106,0.009874627,0.010853218,0.01006212,0.021591474,0.049190161,0.049715773,0.061952392,0.038708589
TCGA-55-A4DG-01,0.007630195,0.007816011,0.011055508,0.011056801,0.014763422,0.025749502,0.039156462,0.047006398,0.057677432,0.042892114
TCGA-L9-A5IP-01,0.012616507,0.014090695,0.019041562,0.022850712,0.214761091,0.089952969,0.094275676,0.078215675,0.064410206,0.04266136
TCGA-73-4662-01,0.009701264,0.011470334,0.01497639,0.029346076,0.014608026,0.037241906,0.054440578,0.067231118,0.061623251,0.058131218
TCGA-55-6712-01,0.004390142,0.003320161,0.006660737,0.010110052,0.005146538,0.00884775,0.022512977,0.016586705,0.044966596,0.024932076
TCGA-97-7553-01,0.007293258,0.007689617,0.011796071,0.038672519,0.011241849,0.024910016,0.049043512,0.037847036,0.055049822,0.06326746
TCGA-49-AARE-01,0.007563848,0.007297881,0.009552735,0.010101739,0.010853902,0.020417666,0.051476521,0.046845942,0.060876881,0.036629668
TCGA-35-4123-01,0.006073617,0.00560621,0.008028497,0.012397976,0.007801891,0.010784437,0.048104255,0.017604599,0.051114036,0.028274304
TCGA-73-4670-01,0.007582217,0.006660798,0.008400853,0.011880176,0.012286866,0.019006582,0.063996423,0.04144655,0.06173857,0.036053594
TCGA-69-8253-01,0.010855548,0.011112284,0.015635427,0.011006194,0.022441899,0.034056959,0.060424196,0.074348515,0.064195354,0.038859692
TCGA-MP-A4T9-01,0.010463323,0.014408163,0.01506498,0.012187565,0.02638423,0.060790398,0.060450908,0.1045182,0.070838713,0.111643466
TCGA-75-7031-01,0.007075541,0.006758199,0.008983812,0.009447877,0.008220955,0.017081732,0.051375222,0.037204288,0.059210926,0.034224031
TCGA-05-4398-01,0.006208893,0.005616149,0.007855017,0.012383945,0.00965006,0.014110296,0.04762094,0.025510832,0.054368064,0.033830474
TCGA-67-3773-01,0.008236,0.009460357,0.012150291,0.013228055,0.018257313,0.03330992,0.046400886,0.063048182,0.061782272,0.066548065
TCGA-64-5781-01,0.007213363,0.007644928,0.009180224,0.014580988,0.014896317,0.021454316,0.05382095,0.037639902,0.058606807,0.04032189
TCGA-44-3919-01,0.007184893,0.007926521,0.010293058,0.012888841,0.011032037,0.025268157,0.038297972,0.045316227,0.058237912,0.060265296
TCGA-78-7159-01,0.008293338,0.009025028,0.010916622,0.00884381,0.012749911,0.024312882,0.054093795,0.050097289,0.062837635,0.049880058
TCGA-99-8032-01,0.009145585,0.010278069,0.011257321,0.011547663,0.01158766,0.024789504,0.055426407,0.054382724,0.063805261,0.044014503
TCGA-62-A470-01,0.017343364,0.030846639,0.020523434,0.011165744,0.043815391,0.137590892,0.109844095,0.205348693,0.089427854,0.179027783
TCGA-69-8255-01,0.006984328,0.006562858,0.009146584,0.009938587,0.007197197,0.015108746,0.036634242,0.03221091,0.055090139,0.030340723
TCGA-55-A491-01,0.007952445,0.009187527,0.011420126,0.01165056,0.01435372,0.024670655,0.044683988,0.049747996,0.059674109,0.048201588
TCGA-50-6595-01,0.004905594,0.004074786,0.006911502,0.009872469,0.011158514,0.013815294,0.030516223,0.023082174,0.049868853,0.037081739
TCGA-95-A4VP-01,0.008565897,0.01054809,0.012970142,0.010280203,0.021911345,0.036597607,0.057227462,0.062827698,0.063742174,0.057888462
TCGA-44-4112-01,0.009007867,0.009289317,0.011535461,0.011162014,0.009772926,0.020874544,0.047532634,0.053068161,0.061361607,0.036581611
TCGA-05-4430-01,0.007172488,0.007320625,0.010097329,0.014144082,0.011890114,0.021459972,0.04343136,0.041659596,0.057411461,0.048360908
TCGA-97-A4M5-01,0.009445646,0.011429564,0.013935747,0.019282214,0.01850891,0.040240795,0.057528898,0.076979909,0.064888758,0.077021501
TCGA-55-8301-01,0.005627638,0.004904314,0.008501906,0.010254292,0.006971774,0.012918291,0.030337425,0.027108833,0.050928356,0.034104877
TCGA-75-7027-01,0.010805574,0.008601588,0.010258194,0.015302085,0.012589387,0.022372542,0.061907533,0.043375437,0.062162586,0.027819881
TCGA-44-2668-01,0.005582069,0.004117792,0.007732722,0.008924438,0.009279017,0.010231988,0.040075758,0.02109343,0.050228387,0.026102115
TCGA-55-8507-01,0.009214982,0.012444334,0.011166538,0.012376735,0.015557885,0.035668513,0.071001513,0.056067256,0.067968088,0.072306441
TCGA-78-7152-01,0.007216224,0.007119589,0.009559178,0.010590358,0.014113523,0.023167457,0.045826765,0.049534789,0.060099604,0.047349871
TCGA-78-8640-01,0.006263045,0.005408623,0.007247469,0.012409262,0.008927057,0.015847634,0.048320476,0.032111177,0.05717736,0.034102633
TCGA-55-7573-01,0.007982645,0.010233748,0.012469345,0.012977206,0.021240555,0.038843789,0.039965547,0.063824422,0.06090463,0.077652984
TCGA-44-2656-01,0.008064941,0.008378923,0.01130379,0.011371539,0.008924516,0.020587875,0.041187587,0.04804487,0.058920414,0.041013115
TCGA-49-4506-01,0.009160799,0.008173455,0.010914614,0.011681776,0.013483756,0.020725363,0.05330045,0.047662898,0.06074682,0.035027144
TCGA-55-8302-01,0.006412806,0.00589622,0.008614886,0.010861493,0.009494059,0.017423426,0.041167213,0.034917869,0.056008335,0.037798225
TCGA-05-4402-01,0.007760559,0.008903226,0.011384375,0.009154012,0.014839453,0.029253219,0.042212923,0.057542831,0.061493708,0.06565496
TCGA-62-A46P-01,0.009432194,0.012167453,0.011944157,0.011419666,0.015432257,0.032100699,0.073418014,0.066163571,0.068621686,0.058573307
TCGA-44-8119-01,0.008735457,0.012043425,0.00945044,0.015120851,0.012080842,0.025769917,0.138630383,0.036842064,0.069816092,0.049456227
TCGA-55-7724-01,0.008378735,0.008449909,0.012312134,0.013962734,0.007831487,0.019198574,0.048174838,0.043534428,0.058416271,0.042811192
TCGA-44-6776-01,0.010203325,0.011563279,0.015577488,0.010890969,0.025548489,0.040650163,0.062034663,0.088353949,0.066162061,0.048728379
TCGA-05-4396-01,0.007006637,0.006330625,0.00890756,0.009788653,0.010099305,0.018949672,0.03878268,0.039531881,0.057250657,0.036447189
TCGA-55-8204-01,0.007315706,0.007287518,0.009968149,0.010971354,0.011433343,0.020427275,0.039549544,0.043547671,0.05766455,0.041837093
TCGA-86-7711-01,0.004211484,0.002248945,0.005578724,0.006493338,0.008648855,0.005215283,0.045404803,0.009349698,0.04390542,0.016539481
TCGA-L4-A4E6-01,0.034093411,0.135920506,0.069426682,0.01383727,1.16367718,9.110603389,0.125857137,2.22642193,0.123339066,7.880536278
TCGA-75-6205-01,0.006317583,0.006306057,0.008939915,0.014629325,0.007400805,0.0184048,0.03920376,0.030636666,0.054592233,0.043199601
TCGA-62-A46O-01,0.011503708,0.010606879,0.011037273,0.013075583,0.013617783,0.026584397,0.069899493,0.057084803,0.066993821,0.034954
TCGA-78-7155-01,0.011083581,0.019340464,0.012003049,0.016349829,0.005525978,0.02131438,0.075561965,0.032912225,0.065383859,0.040673363
TCGA-62-A472-01,0.006975478,0.006796357,0.008611143,0.010406283,0.006113125,0.016042194,0.037875951,0.032031453,0.056355471,0.032406813
TCGA-50-5051-01,0.008798373,0.008717001,0.010389873,0.010179244,0.010983948,0.023169398,0.058427567,0.051818827,0.063733832,0.036892523
TCGA-55-7728-01,0.006944657,0.006245409,0.010635822,0.033167952,0.008786976,0.015306981,0.067127287,0.026802808,0.054029213,0.049588869
TCGA-86-A456-01,0.007384881,0.007649146,0.013011116,0.011832939,0.039675496,0.036822334,0.047029817,0.051744723,0.057320084,0.061936928
TCGA-50-5068-01,0.006226117,0.005299393,0.008191371,0.01268724,0.0089366,0.012162285,0.044361522,0.023001936,0.052242972,0.030047969
TCGA-NJ-A55A-01,0.00732445,0.00777051,0.010524801,0.010988488,0.012680826,0.023261674,0.039669616,0.044203387,0.057702443,0.045107314
TCGA-49-4510-01,0.008765471,0.009398668,0.012091282,0.010891965,0.01410824,0.026457582,0.052101776,0.064361772,0.063102433,0.043447113
TCGA-J2-A4AG-01,0.011670056,0.013251215,0.016678378,0.032182871,0.095485901,0.069889786,0.066491081,0.059928687,0.060445932,0.047473972
TCGA-05-4405-01,0.008452778,0.009958896,0.010243769,0.015566609,0.017761117,0.032949646,0.049186644,0.057941798,0.063163102,0.057970237
TCGA-49-6744-01,0.007001062,0.007166747,0.010958369,0.013907256,0.012361154,0.021733015,0.039040595,0.039678459,0.055183978,0.044026647
TCGA-MP-A4TD-01,0.009798104,0.011942787,0.012101684,0.015439993,0.030038685,0.044875142,0.075017171,0.073464739,0.06820502,0.059181097
TCGA-86-7955-01,0.010087117,0.009257494,0.010303955,0.012992037,0.011273104,0.022340181,0.053402517,0.04893942,0.062741316,0.032128541
TCGA-50-6673-01,0.011645156,0.018900224,0.017102493,0.012770199,0.034004022,0.089174717,0.054969642,0.137033678,0.073398822,0.141370603
TCGA-05-4422-01,0.006682886,0.007042099,0.009853439,0.010111651,0.011682834,0.021719852,0.045741873,0.045183955,0.058881549,0.047369428
TCGA-55-8510-01,0.006693793,0.00699869,0.009905306,0.013726262,0.010696852,0.021343994,0.039687177,0.040568284,0.056594462,0.054597412
TCGA-50-5944-01,0.007652387,0.008361645,0.010800738,0.017109567,0.008744364,0.023592004,0.041384195,0.047729215,0.058656587,0.050950004
TCGA-MP-A4T8-01,0.009127864,0.009292705,0.00993126,0.012376494,0.016625474,0.030217162,0.071708139,0.066081026,0.068225422,0.048832451
TCGA-86-8279-01,0.007405696,0.007665468,0.00957915,0.010733877,0.011842883,0.02244276,0.04416034,0.047807702,0.06012199,0.044593544
TCGA-55-A494-01,0.008955364,0.010238283,0.01160086,0.01125966,0.01657761,0.033398423,0.055906685,0.066270801,0.065115327,0.048232198
TCGA-44-3917-01,0.010202458,0.011289497,0.012968849,0.0111122,0.01055598,0.024653147,0.048623882,0.069086089,0.064379933,0.040796778
TCGA-75-5125-01,0.004351145,0.002996933,0.005109047,0.009539356,0.001988387,0.006051166,0.026623149,0.010290807,0.044968088,0.015712111
TCGA-MP-A4TE-01,0.010850593,0.01355706,0.011969897,0.010891032,0.019065005,0.043262338,0.078873899,0.083021632,0.073573073,0.071612019
TCGA-86-A4JF-01,0.007094634,0.005762023,0.008354197,0.013755732,0.015646885,0.018518509,0.042879954,0.025983634,0.053356026,0.028565774
TCGA-62-8398-01,0.017713041,0.012172423,0.014395918,0.024776789,0.032682444,0.038678332,0.082221556,0.061002563,0.066330245,0.033118811
TCGA-50-5933-01,0.004816932,0.003551496,0.006299571,0.011755254,0.004523094,0.008090801,0.03425811,0.013501632,0.046705418,0.021699984
TCGA-L9-A443-01,0.008685775,0.008634858,0.010627112,0.010555539,0.014113918,0.028065704,0.057542356,0.054662005,0.063706165,0.042159254
TCGA-78-8660-01,0.006001268,0.005340213,0.007645658,0.01165589,0.006807618,0.014310011,0.039454864,0.026571913,0.053909179,0.031744078
TCGA-78-7536-01,0.005696372,0.004644098,0.006252947,0.008571222,0.003882701,0.010254417,0.043594262,0.018508715,0.053574211,0.02233226
TCGA-67-6215-01,0.007676413,0.008091714,0.010925903,0.010213318,0.012336721,0.026485728,0.048546002,0.059404057,0.062317547,0.055113407
TCGA-55-A490-01,0.009757287,0.011172935,0.012538472,0.009373861,0.01562715,0.034382117,0.056574583,0.076904484,0.067763343,0.06258114
TCGA-49-AAR4-01,0.0062151,0.005661475,0.008295142,0.009693465,0.011491918,0.017710066,0.044091268,0.033649488,0.056160551,0.036471979
TCGA-55-A48Z-01,0.005960265,0.005733818,0.007841067,0.011319479,0.010742676,0.018745257,0.035475963,0.033523305,0.055100411,0.043585527
TCGA-05-4418-01,0.009804169,0.009586119,0.012444275,0.017369648,0.014836446,0.027307557,0.049758706,0.056892157,0.061081163,0.044803838
TCGA-97-7554-01,0.007069297,0.007350106,0.010122159,0.011006646,0.011195821,0.022277495,0.035469767,0.04492104,0.057121415,0.046191709
TCGA-44-6779-01,0.004887763,0.003442346,0.007105937,0.009847036,0.007230129,0.009269,0.033314131,0.017674089,0.047419496,0.026860564
TCGA-44-6774-01,0.007953302,0.008548526,0.010626262,0.012698229,0.015073732,0.026829537,0.046483116,0.049708356,0.060320903,0.050870763
TCGA-55-8614-01,0.007961378,0.008183738,0.010279218,0.013076286,0.020968262,0.031299832,0.045645233,0.048260749,0.05957705,0.045174953
TCGA-55-6969-01,0.008027807,0.01031545,0.009960443,0.015912451,0.00750275,0.017824295,0.058879705,0.030618938,0.059334812,0.03955265
TCGA-64-5779-01,0.007407207,0.007123309,0.00937803,0.010111709,0.007918806,0.016596429,0.046213892,0.037898661,0.058274247,0.030122154
TCGA-NJ-A55R-01,0.009524933,0.010135465,0.01207888,0.011629583,0.014403951,0.027558057,0.059307775,0.064488317,0.064888595,0.042953233
TCGA-53-A4EZ-01,0.008799368,0.011946589,0.011781695,0.00852639,0.010653563,0.033711674,0.049016995,0.061852227,0.066197296,0.06702505
TCGA-78-7162-01,0.006542514,0.006729973,0.010447126,0.010800611,0.01252395,0.021903058,0.033786768,0.043423902,0.055387776,0.049434163
TCGA-78-7146-01,0.003633754,0.002064337,0.003560689,0.008012831,0.001910155,0.004442887,0.027602432,0.006942774,0.042934921,0.011086827
TCGA-62-A46Y-01,0.007152592,0.007041929,0.010250216,0.015053317,0.008171174,0.017996654,0.041952927,0.036874899,0.055956561,0.042473805
TCGA-05-4403-01,0.010739755,0.01592151,0.017847183,0.054535174,0.011753047,0.050413789,0.062694907,0.094337218,0.066782241,0.147804922
TCGA-62-A46R-01,0.010792679,0.013427666,0.014846796,0.015858531,0.009119499,0.037432054,0.05464618,0.088928321,0.068329302,0.0761056
TCGA-L9-A8F4-01,0.007365676,0.007023791,0.009500641,0.013735273,0.009673801,0.018952034,0.054377953,0.04293345,0.059707623,0.038997575
TCGA-99-8028-01,0.006296519,0.005337679,0.008853412,0.011635432,0.012982941,0.016851081,0.03961399,0.02868373,0.052967116,0.038527076
TCGA-55-7726-01,0.006363746,0.00543237,0.007802632,0.009839157,0.005676037,0.011884901,0.037508057,0.025051972,0.053358005,0.024396776
TCGA-73-A9RS-01,0.006767364,0.005501182,0.007584846,0.010289179,0.006908766,0.014440917,0.055272494,0.034039986,0.059024989,0.026870345
TCGA-91-8496-01,0.011677903,0.012050989,0.016272204,0.108258973,0.004080477,0.01975367,0.079171018,0.05699715,0.062193605,0.051665988
TCGA-55-7903-01,0.005744402,0.004749449,0.006942634,0.009164989,0.004598384,0.010994038,0.034480321,0.021341828,0.052022775,0.023790118
TCGA-75-5147-01,0.0050215,0.004013656,0.007236444,0.008482177,0.006594639,0.009623028,0.031474169,0.017438179,0.048011297,0.02666907
TCGA-78-8655-01,0.006919147,0.007368687,0.009161263,0.016301256,0.015526157,0.027501617,0.045374345,0.048179885,0.059672644,0.064302423
TCGA-NJ-A55O-01,0.009608147,0.009149141,0.012798107,0.010355325,0.027087092,0.033459669,0.061626628,0.063355036,0.063905746,0.051467291
TCGA-75-6211-01,0.008954048,0.009366556,0.010862102,0.010003269,0.009361257,0.023930182,0.053174292,0.057978903,0.064549793,0.04303424
TCGA-05-5420-01,0.008020362,0.006147631,0.011620532,0.046694099,0.004543542,0.010658722,0.065441545,0.026789823,0.05307696,0.032216021
TCGA-44-A47A-01,0.007379318,0.007728006,0.010593279,0.012367282,0.008944618,0.021355092,0.042016404,0.046678363,0.058654798,0.046017887
TCGA-86-7953-01,0.005811867,0.00479983,0.007054865,0.011173726,0.011114784,0.014375495,0.051935954,0.02148098,0.053481219,0.028410239
TCGA-86-8672-01,0.006219429,0.005767107,0.00839706,0.012572488,0.009061606,0.017371513,0.040806115,0.035073119,0.055768028,0.039922321
TCGA-L9-A7SV-01,0.007677879,0.00718116,0.009407706,0.009760303,0.007895087,0.017913154,0.050693041,0.043694967,0.060599938,0.031862121
TCGA-69-7974-01,0.005681032,0.005060992,0.007905739,0.011015258,0.016395786,0.018522458,0.041078825,0.025196113,0.052535014,0.040732661
TCGA-50-6590-01,0.006173639,0.005695246,0.008280591,0.013047008,0.007133328,0.015211873,0.034446361,0.029362623,0.053382787,0.036584035
TCGA-05-4244-01,0.007121675,0.006319257,0.00912659,0.016033466,0.008888016,0.016000499,0.047335148,0.031023204,0.055342935,0.03374204
TCGA-64-5774-01,0.006534888,0.006069811,0.006502795,0.011827238,0.005067496,0.011900803,0.057512866,0.018633272,0.055948554,0.021984252
TCGA-50-5941-01,0.005257898,0.005032173,0.008603137,0.013016073,0.009228749,0.01784847,0.02796965,0.029849697,0.050859555,0.0541575
TCGA-95-7567-01,0.007438785,0.00771516,0.009795583,0.010826475,0.010032772,0.0215545,0.03871716,0.044750292,0.058592892,0.042491275
TCGA-44-2662-01,0.00585977,0.004257841,0.007818785,0.007891659,0.007682217,0.009220985,0.04516067,0.019569353,0.050858677,0.021899026
TCGA-44-5643-01,0.006662151,0.006096942,0.007698868,0.01155958,0.006019603,0.014352904,0.040919835,0.029377007,0.055986409,0.027953014
TCGA-MP-A4TC-01,0.005419906,0.004504192,0.006937302,0.009520057,0.008967446,0.013553612,0.039964679,0.024176221,0.052957578,0.032701198
TCGA-55-7995-01,0.006929251,0.006604569,0.009762317,0.023875405,0.004603716,0.015648898,0.048785947,0.033134082,0.055959113,0.041362969
TCGA-50-5072-01,0.00865714,0.008533351,0.010528642,0.011658573,0.01294857,0.026141028,0.057956957,0.052175622,0.063102575,0.040916985
TCGA-97-A4M1-01,0.007297783,0.008234341,0.011422941,0.025015277,0.010703433,0.026771819,0.041215,0.053657241,0.058083578,0.069489901
TCGA-78-7149-01,0.00818909,0.008315486,0.010651146,0.010092568,0.01367387,0.025343745,0.055453534,0.064711125,0.06438607,0.047172579
TCGA-75-6207-01,0.006682751,0.005817811,0.008234923,0.010913256,0.008098664,0.015304412,0.041471546,0.030860043,0.055492063,0.03038424
TCGA-55-8091-01,0.006786174,0.006843621,0.009088201,0.010881153,0.014516407,0.023636348,0.043884665,0.041826081,0.058470769,0.049942699
TCGA-49-4512-01,0.008063717,0.008390512,0.011158329,0.01096534,0.011121865,0.022377818,0.047266615,0.052002609,0.060659203,0.044437186
TCGA-55-8096-01,0.007879322,0.008870762,0.011235233,0.010188313,0.018382468,0.029202098,0.048399977,0.054657439,0.061747277,0.067858938
TCGA-44-A47B-01,0.007864421,0.008926006,0.011581909,0.010019705,0.020878346,0.038191779,0.068538536,0.067526963,0.065871355,0.056191548
TCGA-95-7944-01,0.009161063,0.007453005,0.010284504,0.016076482,0.011989891,0.018633143,0.052708644,0.037246516,0.058022734,0.030891716
TCGA-38-4628-01,0.011344673,0.013029099,0.015302843,0.046206133,0.004491544,0.025564672,0.059959487,0.068145611,0.064405905,0.058911313
TCGA-05-4250-01,0.005240756,0.004515072,0.007059948,0.013355642,0.009988255,0.013374205,0.037755717,0.017056696,0.04872117,0.025918781
TCGA-80-5608-01,0.009357279,0.011549328,0.013515945,0.008860525,0.025062058,0.0510836,0.065619191,0.08825019,0.069599967,0.075256181
TCGA-05-4389-01,0.012519965,0.021483962,0.019118235,0.011593036,0.027268786,0.110635261,0.059485311,0.21035725,0.080025213,0.224045658
TCGA-55-7284-01,0.007362384,0.008251831,0.011392024,0.104855845,0.009136986,0.02786766,0.050118112,0.046591777,0.056530663,0.083194269
TCGA-55-6981-01,0.009384388,0.011342925,0.01219479,0.010519092,0.017054198,0.03973056,0.056479385,0.086722818,0.068895547,0.071341768
TCGA-55-7576-01,0.008479046,0.009694114,0.012308426,0.01162582,0.013409179,0.030164804,0.043626047,0.065201072,0.062278307,0.060920456
TCGA-49-4488-01,0.007807835,0.008729476,0.010963484,0.009763449,0.012741689,0.027509823,0.037867353,0.056030712,0.060513432,0.055879326
TCGA-55-7283-01,0.008085629,0.009306492,0.012803533,0.012925665,0.022225896,0.036220272,0.038163717,0.057044421,0.058437555,0.054857388
TCGA-78-7537-01,0.008005722,0.008277667,0.010357591,0.010254884,0.012168054,0.023921805,0.051695428,0.058563703,0.063127451,0.044775329
TCGA-80-5611-01,0.004919785,0.003831383,0.006218787,0.01191102,0.004131573,0.00914436,0.032971106,0.016519735,0.048693208,0.023945448
TCGA-86-A4D0-01,0.00590471,0.005035274,0.006144834,0.009527956,0.003041787,0.008438448,0.046941192,0.015807582,0.053057282,0.017649044
TCGA-97-7941-01,0.008483001,0.011911704,0.013150749,0.014047465,0.021629475,0.047510642,0.043340834,0.082071887,0.064500341,0.100811813
TCGA-86-7954-01,0.006313909,0.007249954,0.010557965,0.010666945,0.014090195,0.028809532,0.031508467,0.047683443,0.05646196,0.077679952
TCGA-50-5930-01,0.008291323,0.008528781,0.011933151,0.011460059,0.017956615,0.029049017,0.06321541,0.067098431,0.064035534,0.047013742
TCGA-93-8067-01,0.009042256,0.007524102,0.008958001,0.013409434,0.01155027,0.021030119,0.049727669,0.032021694,0.05824842,0.026506829
TCGA-38-4629-01,0.004348535,0.002873707,0.00614908,0.008083626,0.007918056,0.007545393,0.03425712,0.013129376,0.045458191,0.023938714
TCGA-55-8619-01,0.007988228,0.009302649,0.013270977,0.037310174,0.008792813,0.027674832,0.045709732,0.058256114,0.058662646,0.072749527
TCGA-62-8399-01,0.024884814,0.019314285,0.020014639,0.022145966,0.07400392,0.066102795,0.13119444,0.091528599,0.074355019,0.036276827
TCGA-91-A4BC-01,0.007090975,0.007230549,0.009483053,0.010601905,0.008142478,0.017304868,0.039234073,0.036123221,0.056652202,0.036099675
TCGA-44-A479-01,0.008844891,0.010657217,0.012001436,0.013118386,0.010051825,0.026222354,0.057920492,0.055295262,0.064008319,0.056663214
TCGA-86-6562-01,0.007664945,0.007917839,0.009785897,0.011840358,0.015134159,0.02641034,0.050802338,0.049650768,0.061459135,0.051763464
TCGA-05-4425-01,0.008344617,0.010290509,0.010885872,0.021504399,0.010917753,0.027705291,0.051852041,0.043596891,0.060538492,0.059092218
TCGA-55-8512-01,0.019285014,0.020999575,0.023837707,0.115922754,0.022768508,0.06714949,0.096204397,0.111073044,0.069393617,0.057393738
TCGA-67-3770-01,0.007454406,0.007726154,0.011255011,0.011586411,0.012164222,0.023199603,0.046775563,0.051631382,0.059757049,0.056544488
TCGA-50-6592-01,0.005121247,0.004154845,0.007392067,0.012066817,0.010325819,0.012951196,0.033662176,0.021586182,0.049336199,0.036449867
TCGA-55-6975-01,0.010902082,0.011911007,0.012527678,0.013989822,0.02109546,0.039691085,0.055191038,0.07630575,0.066834617,0.056133266
TCGA-S2-AA1A-01,0.011212074,0.015346089,0.01648566,0.060048545,0.010187244,0.04013751,0.060367045,0.084351029,0.064979674,0.072366797
TCGA-05-4434-01,0.006457287,0.006159152,0.00977293,0.016311078,0.009100249,0.01881497,0.041599314,0.037119911,0.055291154,0.052360337
TCGA-44-7671-01,0.010724842,0.012671462,0.014948395,0.0109058,0.024928781,0.046198154,0.056462154,0.091941338,0.067612479,0.060948532
TCGA-L9-A50W-01,0.00986194,0.016786447,0.015025282,0.011810652,0.037855473,0.09048991,0.044203629,0.125852695,0.070831039,0.171759747
TCGA-44-7661-01,0.004229346,0.003035249,0.005602309,0.010117242,0.005323885,0.008607906,0.028255184,0.0124259,0.044976896,0.020803855
TCGA-38-4631-01,0.005981552,0.004588357,0.007284863,0.010403599,0.006310189,0.010866907,0.04757364,0.024310637,0.053820732,0.023962547
TCGA-64-5815-01,0.006623924,0.006716837,0.009407959,0.011276328,0.016835595,0.023004356,0.046864958,0.038968375,0.057386973,0.047749838
TCGA-69-7761-01,0.006562554,0.007015757,0.010761989,0.020720464,0.00725605,0.019278525,0.033590998,0.036926557,0.053418997,0.050380712
TCGA-44-6775-01,0.007753214,0.00760312,0.010403071,0.010886245,0.009135058,0.018038392,0.043657007,0.040098817,0.057869916,0.037432498
TCGA-44-A4SU-01,0.009157867,0.011866094,0.013162707,0.010634973,0.019424661,0.043639014,0.042648584,0.086616904,0.065667556,0.077513574
TCGA-62-8395-01,0.011125986,0.016726632,0.015120247,0.013239823,0.036831226,0.07362008,0.080748681,0.125108951,0.075648931,0.104062584
TCGA-75-7025-01,0.008124378,0.009503666,0.012377718,0.013261806,0.013748879,0.030423582,0.039011673,0.062476121,0.060316623,0.061075834
TCGA-69-7765-01,0.007126524,0.006949471,0.009816263,0.011229849,0.00997858,0.018766546,0.040443104,0.039604424,0.056852927,0.039156327
TCGA-95-7948-01,0.008350911,0.01195119,0.011547294,0.014903039,0.012222407,0.025029216,0.050437278,0.045309943,0.060955592,0.051855648
TCGA-50-5044-01,0.006564328,0.006387375,0.008658646,0.010198523,0.009630991,0.018448571,0.037361287,0.037946319,0.056557877,0.03724063
TCGA-05-4384-01,0.009002885,0.009542068,0.013170881,0.012664389,0.029439853,0.037430444,0.078978948,0.072849606,0.065957007,0.051789317
TCGA-O1-A52J-01,0.006576276,0.010207899,0.01560169,0.019938222,0.029074945,0.096691898,0.024739134,0.111001849,0.059609719,0.324513853
TCGA-97-8547-01,0.010256595,0.013361183,0.013730835,0.015556899,0.011986172,0.042169055,0.057338128,0.090403867,0.06937258,0.085916322
TCGA-MP-A4TI-01,0.00395232,0.002643185,0.004986761,0.010891167,0.006384987,0.007918391,0.037139636,0.011618407,0.045858705,0.025295315
TCGA-73-4675-01,0.007716375,0.006574152,0.00851801,0.011729717,0.017183442,0.023636531,0.103250732,0.057729892,0.068430093,0.043639439
TCGA-95-7039-01,0.007768044,0.007118587,0.008890833,0.012846567,0.010712298,0.022072248,0.040276799,0.030398562,0.055911845,0.030590979
TCGA-55-6983-01,0.009348884,0.01083231,0.011215166,0.017241719,0.0240915,0.037499081,0.066574984,0.055294445,0.064645352,0.057589687
TCGA-91-8499-01,0.006485556,0.00621464,0.008313107,0.011363911,0.005812524,0.012645446,0.039841954,0.02362916,0.053371515,0.028916235
TCGA-91-6836-01,0.003025845,0.001400506,0.0027711,0.005172628,0.000830746,0.002414441,0.022115944,0.003640436,0.03822183,0.005972181
TCGA-38-7271-01,0.006965298,0.006831829,0.010786963,0.018689533,0.018156574,0.024239802,0.039512507,0.036048359,0.05347543,0.042756131
TCGA-NJ-A4YG-01,0.00731819,0.007270187,0.01066169,0.010270548,0.013700513,0.022330853,0.044584318,0.04828046,0.058801206,0.046563785
TCGA-73-4658-01,0.008243485,0.008609369,0.01185882,0.016190002,0.028583174,0.032010678,0.052850233,0.042665414,0.057829747,0.047306349
TCGA-55-6987-01,0.006958083,0.006509829,0.009484909,0.012685366,0.010335786,0.017388463,0.048198042,0.035327236,0.056716864,0.039997878
TCGA-NJ-A4YP-01,0.008221105,0.008273988,0.010446023,0.01134458,0.013118166,0.023103887,0.05324397,0.048741858,0.061343831,0.040784278
TCGA-97-8179-01,0.00847238,0.009110271,0.011956416,0.01312292,0.010791951,0.024654123,0.047912826,0.055504578,0.061046633,0.046433722
TCGA-78-7145-01,0.007505379,0.007188104,0.009261908,0.013267212,0.007585554,0.019139295,0.051440308,0.035852628,0.058835811,0.036653905
TCGA-75-5122-01,0.005486669,0.005668128,0.009727351,0.012711983,0.011859281,0.021978518,0.031625998,0.0291801,0.051447885,0.070787981
TCGA-50-5931-01,0.005291485,0.004124937,0.005275425,0.012877379,0.001894923,0.006483968,0.048438756,0.011868892,0.050605088,0.014062441
TCGA-44-2655-01,0.007766595,0.008113827,0.011185705,0.012042389,0.012701773,0.023412898,0.046141867,0.052423236,0.059828174,0.046698058
TCGA-73-4668-01,0.00619706,0.005484554,0.007920485,0.009651397,0.007547499,0.015180299,0.038058173,0.030551027,0.054888792,0.029653714
TCGA-55-8092-01,0.004478759,0.00377372,0.007871618,0.011706934,0.0101065,0.013911033,0.021685304,0.026921906,0.046903739,0.039977764
TCGA-91-6831-01,0.006691188,0.00680037,0.007566427,0.013087094,0.004181327,0.01155946,0.057244689,0.020944158,0.056247882,0.026355335
TCGA-L9-A444-01,0.006097045,0.006063939,0.009700348,0.012618899,0.009275142,0.018218629,0.031601687,0.037545348,0.05355325,0.047331096
TCGA-55-8508-01,0.008958554,0.011664394,0.01094835,0.013897737,0.011371758,0.021348536,0.076243745,0.041154309,0.06396643,0.043480257
TCGA-05-5425-01,0.005678349,0.004631116,0.008980575,0.011579366,0.013612196,0.015904015,0.033308554,0.028503974,0.05059003,0.041698307
TCGA-93-A4JN-01,0.006603084,0.006588802,0.008840406,0.010717277,0.009457839,0.019409032,0.035422404,0.035458371,0.055708994,0.038485789
TCGA-NJ-A7XG-01,0.009581339,0.009441838,0.011746345,0.011080217,0.018934236,0.031924402,0.060815992,0.075423884,0.066494916,0.047114318
TCGA-99-7458-01,0.006736529,0.006972942,0.009502478,0.014806532,0.008617644,0.019806801,0.036237862,0.036973823,0.055531219,0.046131653
TCGA-67-3772-01,0.006165389,0.005690655,0.009354686,0.009645851,0.011621056,0.016797848,0.035487104,0.034669634,0.053785936,0.039362019
TCGA-05-4395-01,0.005303318,0.003307782,0.006081968,0.009484368,0.014203257,0.009544546,0.05792049,0.017179701,0.051020087,0.023127626
TCGA-55-1594-01,0.010695639,0.015196014,0.014679845,0.010049567,0.016835096,0.048383729,0.060872903,0.098995905,0.071934234,0.09322081
TCGA-91-7771-01,0.008510577,0.009313637,0.012780129,0.014420805,0.016486172,0.028731423,0.049567756,0.05181451,0.059587166,0.047873542
TCGA-50-8459-01,0.007797212,0.008188451,0.011079337,0.023248618,0.007999629,0.020677255,0.047693937,0.042470579,0.05779553,0.049666903
TCGA-69-7980-01,0.006486963,0.006642134,0.010205578,0.011828475,0.017982553,0.023017019,0.041183941,0.034134916,0.054068688,0.037565157
TCGA-L4-A4E5-01,0.007425913,0.007309762,0.009374683,0.010199331,0.008591963,0.019522376,0.04120764,0.043891407,0.059142483,0.03702233
TCGA-50-5939-01,0.005787516,0.004953829,0.008177562,0.013006071,0.013509239,0.016627231,0.042953317,0.030551167,0.05361023,0.040683711
TCGA-78-7143-01,0.004240286,0.002771203,0.004720523,0.009514875,0.002367915,0.0059759,0.028482834,0.009674296,0.04481451,0.014605679
TCGA-75-5126-01,0.004410426,0.002851328,0.006521668,0.013489167,0.006649299,0.007850047,0.041226464,0.012212432,0.045057691,0.026887687
TCGA-50-6594-01,0.005356353,0.003990445,0.006008759,0.008438322,0.004417421,0.009669037,0.047780445,0.021905262,0.054414844,0.020905414
TCGA-MP-A5C7-01,0.011251571,0.013120217,0.013184666,0.011567633,0.016339618,0.036219911,0.073689544,0.079502044,0.070565622,0.052880674
TCGA-97-7547-01,0.009535619,0.012259527,0.015111802,0.011082095,0.025194854,0.049840543,0.050986153,0.102948961,0.067157787,0.080106987
TCGA-50-5935-01,0.006599359,0.007059037,0.010170502,0.01278856,0.012719899,0.025833791,0.034535937,0.048749848,0.057028567,0.062699446
TCGA-55-7914-01,0.009369621,0.014934488,0.015241134,0.009252417,0.023664439,0.073903043,0.038215862,0.121360228,0.069274423,0.157826688
TCGA-97-7546-01,0.006895352,0.007655069,0.010361004,0.017359098,0.011296183,0.022342277,0.040264348,0.037996087,0.05560917,0.048237034
TCGA-44-2666-01,0.009803546,0.010318261,0.012571252,0.010509105,0.013057767,0.027084435,0.049804934,0.064504566,0.063686328,0.041482617
TCGA-55-6979-01,0.006616668,0.006430235,0.009629997,0.009432741,0.011594928,0.019099027,0.038633214,0.036533976,0.05583036,0.045640983
TCGA-73-4676-01,0.007721938,0.007152433,0.009641071,0.016013354,0.005461798,0.01604524,0.053956097,0.037210028,0.058783515,0.031492941
TCGA-78-7166-01,0.008780913,0.00817035,0.010339025,0.010877799,0.013352524,0.023515688,0.06477239,0.056529769,0.064389895,0.035251255
TCGA-83-5908-01,0.003172904,0.001892177,0.004257634,0.005684749,0.002567968,0.004847215,0.018167905,0.006231199,0.03872755,0.013972584
TCGA-44-5645-01,0.008742763,0.009676004,0.011982721,0.01215595,0.01042507,0.023480662,0.043053964,0.057893818,0.06109393,0.044761752
TCGA-86-8076-01,0.006922241,0.006461516,0.009399416,0.013842162,0.015214904,0.020691224,0.050343674,0.039679995,0.057470248,0.042931138
TCGA-97-8172-01,0.007817463,0.009032654,0.0111568,0.02040349,0.01179933,0.028448891,0.05372933,0.054832358,0.0614726,0.061945312
TCGA-05-5428-01,0.007484416,0.006900915,0.009563385,0.00993338,0.008646657,0.015226203,0.045884501,0.033737153,0.056943347,0.032284544
TCGA-97-8176-01,0.007404642,0.006827115,0.009136012,0.01031685,0.008558796,0.018474992,0.055673752,0.042459731,0.060936009,0.036692079
TCGA-86-8358-01,0.003308015,0.002002839,0.00289145,0.007231133,0.000661051,0.002515047,0.025501945,0.00298699,0.038707381,0.006175894
TCGA-44-3918-01,0.009345643,0.010123529,0.012622773,0.014349335,0.009440229,0.022814032,0.048558229,0.056701766,0.061586456,0.043963337
TCGA-05-4415-01,0.012579676,0.009382887,0.011777733,0.013282135,0.016170213,0.023728629,0.050756369,0.042796744,0.06032345,0.026940393
TCGA-55-7281-01,0.006789405,0.006364241,0.009299768,0.014247933,0.017872288,0.021380689,0.046171524,0.033298775,0.055013759,0.036168064
TCGA-78-7161-01,0.014805578,0.015657692,0.015724329,0.012974307,0.030091851,0.051576727,0.090388108,0.102049284,0.074358074,0.052359789
TCGA-49-4507-01,0.00580805,0.004761525,0.007632573,0.008987766,0.009961063,0.012742262,0.040360469,0.024024636,0.052410093,0.02892811
TCGA-55-6970-01,0.012919379,0.013977696,0.016603314,0.015745661,0.027130789,0.050671492,0.06329137,0.08972425,0.067786814,0.060577078
TCGA-69-8254-01,0.02078383,0.030476612,0.02322221,0.043717712,0.214088976,0.194622535,0.11218433,0.129116155,0.075931142,0.101162063
TCGA-MP-A4SW-01,0.007911894,0.00855692,0.011743414,0.010790747,0.014966176,0.027702347,0.04688623,0.053764809,0.060565132,0.055508823
TCGA-91-6830-01,0.005839083,0.006175636,0.010067211,0.012896168,0.015857631,0.02140077,0.031433038,0.034627163,0.051946723,0.049310451
TCGA-69-7763-01,0.009414057,0.011306742,0.014170794,0.012110458,0.028205331,0.043573538,0.052612986,0.077493676,0.064230793,0.061607675
TCGA-62-8397-01,0.008199703,0.009844883,0.012930996,0.011270839,0.013556337,0.033965184,0.036549376,0.077312628,0.062119877,0.073881574
TCGA-73-4659-01,0.010715173,0.014942385,0.014545488,0.009976557,0.026329703,0.062474669,0.065869383,0.1143712,0.073869054,0.105952389
TCGA-44-A4SS-01,0.00783001,0.009375976,0.011910321,0.015161992,0.01458011,0.030697357,0.043193196,0.057831653,0.060302661,0.06553536
TCGA-50-8457-01,0.008362247,0.010123845,0.011817093,0.01510936,0.018757801,0.03662611,0.04419656,0.064793956,0.062087147,0.067402854
TCGA-69-7979-01,0.007659314,0.007923737,0.00996994,0.009965738,0.008846942,0.020946165,0.039523874,0.044753497,0.059072054,0.038376336
TCGA-97-8175-01,0.007635818,0.009160481,0.009819992,0.010852855,0.016288005,0.034113501,0.04725405,0.053636823,0.06331324,0.076227424
TCGA-97-A4M2-01,0.005989642,0.005600542,0.008937503,0.017929613,0.01335959,0.018128975,0.04961086,0.031585964,0.054380489,0.049273089
TCGA-55-A48X-01,0.005595494,0.005194247,0.008689394,0.009657726,0.010748011,0.016545788,0.030664038,0.032694843,0.052302968,0.039701948
TCGA-44-2657-01,0.006653679,0.006851905,0.009995395,0.011866682,0.010518265,0.019879385,0.03608428,0.03865689,0.055397569,0.046421023
TCGA-95-7562-01,0.007287836,0.007750598,0.009748116,0.007869629,0.011292115,0.02874153,0.043459386,0.052931316,0.062507007,0.061986065
TCGA-69-A59K-01,0.006806903,0.005972197,0.008720557,0.010392461,0.007202004,0.014499152,0.042938222,0.031184255,0.055475401,0.0266999
TCGA-05-5715-01,0.009845663,0.014335631,0.013915478,0.012894979,0.028020349,0.059576729,0.063540067,0.089698872,0.070477328,0.136127389
TCGA-55-A492-01,0.008199599,0.008489557,0.009992371,0.011700573,0.01588455,0.027797378,0.062552803,0.066094044,0.065961152,0.050479579
TCGA-86-8278-01,0.007504681,0.008500319,0.010923135,0.00929579,0.024069232,0.033900146,0.045908973,0.059905595,0.062079663,0.07530067
TCGA-69-8453-01,0.007291584,0.006138048,0.011481607,0.060415694,0.006503995,0.013480941,0.068495424,0.02358885,0.051776487,0.039769061
TCGA-50-5942-01,0.009354401,0.010692382,0.012109489,0.012253636,0.01487108,0.032209696,0.046228926,0.063321854,0.063366439,0.054894436
TCGA-MN-A4N5-01,0.00543311,0.005109874,0.007492112,0.011082473,0.011897994,0.019259983,0.033232416,0.032257346,0.053805264,0.045248327
TCGA-91-8497-01,0.006948235,0.007858476,0.009951583,0.017940565,0.017693921,0.02788066,0.048878108,0.045623642,0.058653163,0.05692767
TCGA-64-5778-01,0.006390881,0.006111873,0.010136433,0.01149381,0.009877698,0.017255594,0.034387081,0.034252615,0.053191826,0.040375181
TCGA-86-8074-01,0.00640957,0.006596207,0.009316998,0.010513397,0.015224121,0.024491292,0.036342125,0.040334764,0.056404148,0.057698612
TCGA-J2-8194-01,0.009158271,0.009374479,0.013171683,0.011782387,0.026548181,0.032707276,0.064859539,0.063206366,0.063139054,0.044414025
TCGA-55-A57B-01,0.007618915,0.008763688,0.012297427,0.014218102,0.023079338,0.034851893,0.046237574,0.055393178,0.059004889,0.053419822
TCGA-55-7913-01,0.008085221,0.007352005,0.009395045,0.008907293,0.012862957,0.023227866,0.073542337,0.054000422,0.066055077,0.041964229
TCGA-78-7147-01,0.005276135,0.004908317,0.0082194,0.008825998,0.008323206,0.015918544,0.025776186,0.030857978,0.051320482,0.040855734
TCGA-99-AA5R-01,0.006882396,0.0083028,0.018556604,0.014586743,0.06943612,0.043649406,0.036014948,0.043910423,0.05012617,0.044740709
TCGA-05-5423-01,0.007122002,0.005823695,0.010351594,0.020844386,0.007200565,0.012617792,0.055854963,0.027293126,0.053451261,0.03406999
TCGA-55-8206-01,0.016925243,0.022396172,0.026486787,0.385700601,0.004702991,0.046958975,0.088609397,0.121936878,0.06947488,0.096254485
TCGA-MP-A4TF-01,0.007686384,0.006205427,0.011161667,0.010022203,0.019319964,0.019842384,0.046503707,0.035602453,0.054831956,0.031014454
TCGA-86-8280-01,0.00621859,0.007110358,0.010945128,0.012290677,0.016576488,0.02948814,0.031132068,0.047961258,0.055367711,0.077728823
TCGA-44-6146-01,0.014908321,0.018201635,0.01900228,0.063972865,0.006340801,0.036358901,0.07098716,0.114924151,0.070312129,0.06277371
TCGA-35-4122-01,0.004306322,0.002448006,0.006027124,0.007908053,0.007943274,0.005370792,0.043361479,0.00951681,0.043457884,0.017717082
TCGA-78-8648-01,0.009936635,0.011579863,0.012454487,0.024333885,0.02559478,0.044358821,0.059634901,0.061421065,0.063917867,0.0740219
TCGA-44-3396-01,0.005705832,0.004430011,0.007864935,0.01148448,0.00991223,0.012225036,0.04640194,0.021910121,0.051456247,0.030202698
TCGA-93-7348-01,0.012953151,0.016256563,0.017172046,0.01657562,0.050155777,0.073611837,0.066093619,0.104634586,0.069487294,0.070140089
TCGA-97-8174-01,0.00773402,0.008076792,0.011450914,0.010514613,0.014182325,0.025122656,0.047530224,0.053995305,0.060197176,0.044297471
TCGA-55-7725-01,0.009285375,0.009097929,0.012798074,0.011637572,0.01228596,0.023034135,0.047786518,0.047997174,0.059510246,0.040082912
TCGA-55-8620-01,0.006587784,0.006992282,0.007956659,0.013328796,0.004426804,0.0132233,0.041616148,0.022757868,0.054586092,0.030299515
TCGA-78-7167-01,0.009700417,0.011185035,0.012432065,0.011041899,0.01443335,0.032846508,0.052330738,0.078122705,0.066662094,0.05626475
TCGA-80-5607-01,0.007974021,0.00617063,0.010600986,0.011605011,0.025105333,0.025100562,0.047274134,0.042434254,0.056778616,0.036774412
TCGA-49-AAR2-01,0.007574587,0.007870698,0.009829309,0.007979753,0.008408793,0.022410359,0.040535988,0.048288489,0.060918994,0.043294417
TCGA-55-8299-01,0.00624262,0.004776173,0.008779609,0.012280259,0.012122151,0.013809005,0.044349262,0.023698876,0.051545215,0.035390348
TCGA-49-4501-01,0.007310991,0.007874721,0.01130524,0.010917318,0.014485709,0.025581367,0.038212763,0.051386616,0.058126939,0.05451265
TCGA-78-7156-01,0.007797233,0.007064196,0.010027415,0.01004594,0.010400378,0.018951241,0.051552964,0.047036972,0.060174896,0.031706506
TCGA-62-A46S-01,0.008467956,0.009074892,0.012466985,0.010993737,0.018946393,0.0295503,0.052809943,0.059712492,0.061658487,0.045250971
TCGA-L9-A743-01,0.00672359,0.006775764,0.009800948,0.017219302,0.021282189,0.025733839,0.049713622,0.034549237,0.055389333,0.044283686
TCGA-55-6642-01,0.008313841,0.00882476,0.011010663,0.010852986,0.009266659,0.022039709,0.042745561,0.052028682,0.060683019,0.041987116
TCGA-55-8203-01,0.008569552,0.009750998,0.010547631,0.012084365,0.011950747,0.026164881,0.051324501,0.049980467,0.062716639,0.049931863
TCGA-44-7670-01,0.006491273,0.006668773,0.008659505,0.00837782,0.009232658,0.02213607,0.046878353,0.042195265,0.060458649,0.048762614
TCGA-55-6986-01,0.009277183,0.011273028,0.013178786,0.011828252,0.025164522,0.045495912,0.050926045,0.085233368,0.066096344,0.074746733
TCGA-MP-A4TJ-01,0.007443971,0.007745585,0.011174567,0.017835283,0.018518298,0.025807134,0.0519794,0.03704987,0.056440771,0.050759781
TCGA-55-A4DF-01,0.003800995,0.002449982,0.005156418,0.010885585,0.00291084,0.005841845,0.022430993,0.0098533,0.041842403,0.018197363
TCGA-38-6178-01,0.007050457,0.007947262,0.01088162,0.009735313,0.01481165,0.028930175,0.034832723,0.057275077,0.059129923,0.063436147
TCGA-78-7148-01,0.010088074,0.011077805,0.012558537,0.015222169,0.012238297,0.032848966,0.061023671,0.073695217,0.066936484,0.055272831
TCGA-55-8616-01,0.008418895,0.009181281,0.01138668,0.010635034,0.013362023,0.027491816,0.046815868,0.064148766,0.062926532,0.048022464
TCGA-97-A4M0-01,0.007918363,0.008084097,0.011204407,0.018060588,0.010979428,0.023593566,0.043261536,0.049806424,0.058462803,0.05009544
TCGA-49-6767-01,0.00423641,0.002857971,0.00525832,0.007425317,0.00304952,0.006192029,0.025090083,0.011079737,0.044535378,0.016416612
TCGA-55-1595-01,0.007667653,0.007905476,0.010068335,0.009973874,0.009438824,0.021459935,0.045439688,0.047792763,0.060592641,0.042076162
TCGA-49-AARR-01,0.007910741,0.008538835,0.012479231,0.016624574,0.018893914,0.029036008,0.045406105,0.049913693,0.057633064,0.049511568
TCGA-44-6147-01,0.00872536,0.009529342,0.012175695,0.010952837,0.011742263,0.024570365,0.042372431,0.058974918,0.06097684,0.04377032
TCGA-MN-A4N4-01,0.007655125,0.008808612,0.010178414,0.014236836,0.017176068,0.030871342,0.040787179,0.054086912,0.060294333,0.059508949
TCGA-97-A4M3-01,0.03083053,0.033178946,0.031905612,0.031287031,0.158255221,0.121856443,0.128658516,0.11511042,0.073763201,0.041273538
TCGA-86-7714-01,0.0086408,0.01034444,0.012026722,0.010208171,0.012332156,0.029936587,0.042868888,0.064890026,0.063186285,0.058210118
TCGA-50-5049-01,0.006999994,0.006973517,0.010309782,0.019169968,0.009659889,0.018594176,0.043117588,0.035541123,0.054974941,0.044028534
TCGA-49-4487-01,0.006637377,0.00601863,0.00842704,0.012358681,0.005563184,0.013207219,0.042248797,0.026823542,0.054446761,0.027995009
TCGA-78-7542-01,0.003817149,0.002693532,0.005341211,0.00724955,0.005101523,0.008494538,0.021524491,0.015176629,0.045054398,0.024720996
TCGA-95-A4VK-01,0.007101327,0.00607379,0.009698289,0.010013715,0.018587467,0.022804976,0.085450748,0.051154807,0.063172077,0.034622043
TCGA-55-7994-01,0.003309945,0.002196493,0.00485686,0.012060242,0.002634183,0.006289156,0.015986089,0.009074574,0.039552161,0.023380097
TCGA-49-6742-01,0.008054846,0.007740171,0.010091266,0.013232556,0.015188249,0.025317264,0.049123942,0.045000484,0.059410371,0.036767154
TCGA-MP-A4T6-01,0.007330998,0.00788403,0.010405184,0.01310253,0.013538442,0.027490812,0.041742901,0.052924468,0.059692748,0.057427919
TCGA-55-8506-01,0.007654699,0.00928945,0.008787513,0.019599867,0.029417013,0.047377251,0.066396511,0.061713309,0.066548642,0.077887473
TCGA-MP-A4TA-01,0.007241543,0.006636965,0.00901276,0.013356255,0.018234551,0.025741512,0.047369074,0.044085707,0.058876079,0.044647396
TCGA-49-AARO-01,0.005455619,0.004755719,0.007933726,0.00916044,0.010016792,0.014187955,0.036226576,0.025135729,0.051762447,0.035916974
TCGA-49-AARN-01,0.00775643,0.008756243,0.011075159,0.012483026,0.012756272,0.028922976,0.042259097,0.058483201,0.061013252,0.057200725
TCGA-55-8621-01,0.005084179,0.004353096,0.008210451,0.009763908,0.010772663,0.013171634,0.031424331,0.024359829,0.049396353,0.037603334
TCGA-91-6828-01,0.01428241,0.03812922,0.021614961,0.01794757,0.048616311,0.171316912,0.089926608,0.150787995,0.082091491,0.279152822
TCGA-97-A4M7-01,0.008097427,0.009904653,0.012149423,0.013544029,0.017225273,0.03724613,0.043029035,0.065913752,0.062057353,0.075003843
TCGA-55-7815-01,0.014847532,0.02442873,0.021197695,0.008154347,0.030805609,0.109029814,0.068115272,0.19903408,0.082409877,0.194547756
TCGA-78-7539-01,0.005104068,0.004784892,0.009764397,0.011915464,0.012747199,0.018052697,0.026831871,0.032903596,0.049679537,0.058546365
TCGA-J2-8192-01,0.006484785,0.0062713,0.008870482,0.014913221,0.011386717,0.018925863,0.043613522,0.031069315,0.05493981,0.043692949
TCGA-86-7713-01,0.010125044,0.009162496,0.011217302,0.009933708,0.01284374,0.024443734,0.061601117,0.054295174,0.064634373,0.035600588
TCGA-50-6597-01,0.006959178,0.007666332,0.010847886,0.008569554,0.012416097,0.025258436,0.032576456,0.053882511,0.05819568,0.055910768
TCGA-75-6214-01,0.005681966,0.004861877,0.007799842,0.009592178,0.008056972,0.01315563,0.029381011,0.026352844,0.051041764,0.029078135
TCGA-67-6216-01,0.00804246,0.008784024,0.011513174,0.011477939,0.018946909,0.032519687,0.047920115,0.06294526,0.062085529,0.055746507
TCGA-44-A47G-01,0.006655491,0.006761489,0.01000182,0.013450128,0.009571005,0.019813668,0.037412304,0.036996973,0.055012275,0.042754233
TCGA-55-6543-01,0.006941214,0.006451597,0.00997699,0.009303235,0.01917863,0.023063785,0.053365502,0.04394813,0.059325946,0.057367941
TCGA-55-7816-01,0.008023713,0.010202645,0.013425351,0.016664171,0.010742157,0.028689133,0.038353737,0.059141086,0.059229925,0.071992411
TCGA-44-3398-01,0.006971591,0.006343091,0.009725735,0.012876983,0.009998657,0.014841149,0.05351707,0.031866954,0.055981554,0.037443924
TCGA-78-7633-01,0.011736644,0.014732956,0.016014937,0.011092213,0.028643707,0.060590665,0.065597411,0.119671801,0.072467215,0.079590833
TCGA-86-A4P8-01,0.007663389,0.009561904,0.018269391,0.030295974,0.021501578,0.038286677,0.047073708,0.052526809,0.054789506,0.07923951
TCGA-78-7535-01,0.007483844,0.007373979,0.009042038,0.010555136,0.011385861,0.020399793,0.05382465,0.043037625,0.060996548,0.038597329
TCGA-86-8671-01,0.00496519,0.004768265,0.00863031,0.013824079,0.010370939,0.016753199,0.027557846,0.028061423,0.049530803,0.057169166
TCGA-91-6835-01,0.007615857,0.009692551,0.013167931,0.019476931,0.019062917,0.04244296,0.042795703,0.054617379,0.05871464,0.087120672
TCGA-35-3615-01,0.008662445,0.009137492,0.011589168,0.010659071,0.014241783,0.025663879,0.050966347,0.062018959,0.063011716,0.046686279
TCGA-55-7907-01,0.009989744,0.012393347,0.014512525,0.011359951,0.01508237,0.039558221,0.050974839,0.085780301,0.066838158,0.075274041
TCGA-05-5429-01,0.013787208,0.019054603,0.016440388,0.090649573,0.007267633,0.042613455,0.072641799,0.098426075,0.070217514,0.07687917
TCGA-05-4426-01,0.006290396,0.005836599,0.00848114,0.010332461,0.01027872,0.016336058,0.040176901,0.033340297,0.055410003,0.038238536
TCGA-55-6980-01,0.007654969,0.010380093,0.012190242,0.031449606,0.0435558,0.063708846,0.039874865,0.062773353,0.058817228,0.102253068
TCGA-50-5936-01,0.013535655,0.011764089,0.013697228,0.015430825,0.028281967,0.041507373,0.071710265,0.075253081,0.068356843,0.051989736
TCGA-49-6743-01,0.004675193,0.00262532,0.005909733,0.007851886,0.011530697,0.007861903,0.065999715,0.014287975,0.049572797,0.023599165
TCGA-86-8055-01,0.00673928,0.006624788,0.00958834,0.010180187,0.012083833,0.018273964,0.043087261,0.034191643,0.055980134,0.043685939
TCGA-50-5932-01,0.009299104,0.010392016,0.013151905,0.012960278,0.012889365,0.03148395,0.051989751,0.073650915,0.064506174,0.054831608
TCGA-93-A4JO-01,0.00713976,0.00748043,0.009911212,0.013858569,0.013163441,0.022672979,0.044396806,0.043668557,0.058010225,0.044763589
TCGA-49-AAR3-01,0.00521432,0.00412548,0.007303949,0.009683819,0.007208831,0.01119058,0.033129229,0.020818493,0.049692949,0.030880028
TCGA-78-7154-01,0.007135024,0.006908177,0.008845202,0.010190351,0.007082175,0.01597688,0.044471911,0.033093865,0.057269411,0.029130558
TCGA-55-7910-01,0.008969335,0.009283385,0.010945874,0.010293617,0.010888915,0.019926031,0.057098605,0.041135167,0.061159649,0.035425922
TCGA-4B-A93V-01,0.012515511,0.013690867,0.011840221,0.01508649,0.015316905,0.033042208,0.0906671,0.062399864,0.071268972,0.044987572
TCGA-MP-A4T7-01,0.010733313,0.009004979,0.011125282,0.015608299,0.023461509,0.030042074,0.078259118,0.053572445,0.064847627,0.035951858
TCGA-91-6849-01,0.014846286,0.013864123,0.020960907,0.018523653,0.053980659,0.052484571,0.076162983,0.078232012,0.064038837,0.036926361
TCGA-MP-A4SY-01,0.006748704,0.006575349,0.008994403,0.008921987,0.010383816,0.019447518,0.044125047,0.039160019,0.058408868,0.042752072
TCGA-MP-A4SV-01,0.00616906,0.005376275,0.007724689,0.010198688,0.00560911,0.013719608,0.036489518,0.024052661,0.0531656,0.028166728
TCGA-55-8513-01,0.006587596,0.006809222,0.01093257,0.015480711,0.023827803,0.02880899,0.050425076,0.041172709,0.056601317,0.073594665
TCGA-MP-A4T4-01,0.005949249,0.005406304,0.008151976,0.013762179,0.005573813,0.013494709,0.032451723,0.024555033,0.051410776,0.031714235
TCGA-71-8520-01,0.007489639,0.009134359,0.010240812,0.011093596,0.016035275,0.037076736,0.044450764,0.056231716,0.062609109,0.071722672
TCGA-44-7672-01,0.005764645,0.004957465,0.008438181,0.009769085,0.008485056,0.01371492,0.034103171,0.027916876,0.052083225,0.036358021
TCGA-50-6593-01,0.008396579,0.008711119,0.011094138,0.016851987,0.008056579,0.021366763,0.052789593,0.046172941,0.060579881,0.048020297
TCGA-67-3771-01,0.008929505,0.009865824,0.012773486,0.013909666,0.011331193,0.027627832,0.051855611,0.065738758,0.063242328,0.055919099
TCGA-99-8033-01,0.00440967,0.002647214,0.00597859,0.008128531,0.009053336,0.007457944,0.045925398,0.013625732,0.0467983,0.019554458
TCGA-91-6848-01,0.004686607,0.003255523,0.005647476,0.010977164,0.0047352,0.008181736,0.032427542,0.012812353,0.046513701,0.020307555
TCGA-93-A4JP-01,0.005765817,0.005638727,0.009833695,0.0169983,0.015860158,0.020441039,0.035342746,0.028093753,0.050295479,0.042248142
TCGA-73-4666-01,0.00383772,0.002522894,0.004667922,0.007037127,0.002867835,0.007057954,0.028312752,0.010766001,0.045639745,0.019909187
TCGA-86-8359-01,0.005374897,0.004329897,0.0063766,0.014032414,0.024765996,0.01636792,0.061050152,0.021968604,0.053578813,0.034129104
TCGA-62-8394-01,0.006164398,0.007043135,0.008806216,0.009530004,0.015094203,0.033661869,0.033525163,0.044043561,0.058109963,0.070339174
TCGA-49-AAR9-01,0.006403718,0.005941583,0.007536081,0.010114248,0.007856628,0.018020884,0.042533766,0.036641989,0.058451325,0.036057718
TCGA-38-A44F-01,0.007637561,0.009025618,0.011617683,0.016965069,0.016852468,0.029617332,0.044212159,0.048215574,0.058421102,0.062810417
TCGA-44-7660-01,0.009017081,0.009652093,0.01050196,0.022539395,0.003864095,0.016272657,0.06388858,0.039905544,0.061953773,0.033784134
TCGA-69-7760-01,0.009461331,0.010402013,0.011839113,0.010537945,0.012472518,0.02841961,0.047701708,0.065126178,0.064212901,0.045674318
TCGA-73-7498-01,0.0088587,0.009946203,0.012352428,0.015295576,0.013362246,0.032117742,0.057785815,0.075555325,0.065421404,0.06018239
TCGA-44-5644-01,0.009249933,0.010107464,0.011113082,0.01187429,0.011490151,0.02298361,0.060577167,0.052335743,0.06392108,0.039213957
TCGA-69-7764-01,0.010511693,0.012898848,0.018254039,0.009650016,0.023433987,0.043001441,0.054957792,0.081546171,0.064073045,0.046480508
TCGA-55-8505-01,0.008460117,0.008916376,0.009894991,0.013493698,0.015898496,0.028462796,0.056562809,0.059063292,0.06440841,0.050541515
TCGA-67-6217-01,0.007405527,0.008873531,0.013299523,0.010221117,0.020628959,0.037647924,0.033870164,0.069938379,0.05921944,0.076786727
TCGA-55-8089-01,0.004632684,0.003603772,0.007137637,0.013291016,0.004514516,0.009388203,0.027701323,0.017054807,0.046212203,0.028775017
TCGA-44-8117-01,0.009441604,0.010675055,0.012057402,0.011281929,0.013104288,0.032354159,0.050475229,0.071071765,0.065648929,0.057113089
TCGA-53-7626-01,0.008190813,0.011007014,0.017495092,0.027581432,0.158859578,0.081858789,0.052383711,0.051656779,0.054802223,0.055567849
TCGA-86-8673-01,0.006135817,0.004818122,0.006959942,0.009220774,0.007170941,0.012691542,0.055742304,0.02852223,0.057343073,0.025929485
TCGA-95-8494-01,0.004790717,0.00350443,0.00492182,0.011025597,0.003437673,0.008024822,0.038366607,0.013014257,0.049383188,0.017909001
TCGA-97-8171-01,0.008484884,0.010143921,0.011921056,0.008921812,0.013308347,0.032675405,0.043464881,0.071882719,0.06459572,0.064600789
TCGA-50-7109-01,0.006504337,0.00610771,0.008158695,0.010393282,0.006795931,0.015325115,0.041004716,0.030054888,0.055847218,0.03215521
TCGA-78-7220-01,0.010071308,0.012595453,0.01340471,0.00937168,0.018283962,0.046880624,0.050689055,0.095090301,0.069363881,0.079570113
TCGA-44-6145-01,0.00578992,0.004924098,0.009240945,0.011742059,0.010288172,0.014497835,0.035171069,0.028030891,0.050821597,0.033683568
TCGA-55-A48Y-01,0.009868877,0.010932706,0.012584666,0.012210589,0.012397511,0.028940939,0.050264128,0.071013648,0.0649189,0.049200173
TCGA-55-8085-01,0.005553976,0.00457765,0.007288528,0.010205237,0.005967219,0.011608934,0.038871877,0.023492138,0.052387426,0.02890554
TCGA-NJ-A4YF-01,0.009705109,0.01081691,0.012477529,0.010727001,0.01219049,0.028483609,0.051175852,0.072070518,0.065462533,0.048185141
TCGA-49-AARQ-01,0.00728375,0.007593709,0.008908464,0.007065142,0.006744895,0.021413334,0.039646735,0.040461917,0.060650278,0.042335339
TCGA-55-8097-01,0.007565018,0.00787923,0.010742833,0.011133486,0.012804416,0.024099308,0.043553755,0.051439584,0.059572215,0.04541017
TCGA-NJ-A4YQ-01,0.008195128,0.009038089,0.011467861,0.013569112,0.013368044,0.028321999,0.046357531,0.060872226,0.061864548,0.058894495
TCGA-55-5899-01,0.010778378,0.021088835,0.014702385,0.015602374,0.015273912,0.052639526,0.075684981,0.072283647,0.072158327,0.11878779
TCGA-05-4397-01,0.004205101,0.00324915,0.004825359,0.006595371,0.002372526,0.008336921,0.021351098,0.01204093,0.046626196,0.021208367
TCGA-44-6777-01,0.00647889,0.006103277,0.00958353,0.012189781,0.011284385,0.017362186,0.042444066,0.033228684,0.05479835,0.045983853
TCGA-44-7659-01,0.007857109,0.008173064,0.01129673,0.012838102,0.016140291,0.027306234,0.050663431,0.056507775,0.060789373,0.046760726
TCGA-53-7813-01,0.007317583,0.007224246,0.008609176,0.008660369,0.004904301,0.014112893,0.042272307,0.027389993,0.056750091,0.025868733
TCGA-05-4382-01,0.006331622,0.005833887,0.00942101,0.010858998,0.013106327,0.01819622,0.046719979,0.032526367,0.055392386,0.051092409
TCGA-93-A4JQ-01,0.006948881,0.007412664,0.0098765,0.013132156,0.013484412,0.024000635,0.039279743,0.041542509,0.056924488,0.048760174
TCGA-55-7911-01,0.005441634,0.00445657,0.007233168,0.0092653,0.006161494,0.010867148,0.033542816,0.019996459,0.05005333,0.024381498
TCGA-91-A4BD-01,0.009024597,0.009955516,0.012413036,0.013876511,0.010948643,0.028118835,0.052159801,0.067071322,0.063958421,0.055643595
TCGA-50-5066-01,0.007149941,0.006545366,0.009466179,0.015321111,0.006008269,0.013380545,0.043455426,0.029226416,0.054474631,0.03081124
TCGA-64-1680-01,0.008540566,0.009234844,0.011588311,0.011492868,0.014053213,0.027522615,0.048718153,0.06244852,0.06257541,0.045799905
TCGA-J2-A4AE-01,0.008715352,0.009963208,0.01940763,0.013394698,0.071472921,0.052274909,0.054303927,0.056419176,0.055995023,0.036831225
TCGA-55-7574-01,0.008007421,0.00892602,0.012292136,0.014876277,0.025813585,0.034475328,0.046726108,0.050072907,0.058217406,0.046889344
TCGA-73-4677-01,0.008859398,0.00857172,0.011448793,0.011017041,0.017149783,0.029127736,0.055928051,0.066025275,0.064104275,0.047973043
TCGA-86-8075-01,0.007752203,0.007616146,0.010697683,0.010870818,0.017830456,0.025164463,0.050001051,0.044493274,0.059172017,0.04640964
TCGA-78-8662-01,0.008065471,0.008102874,0.009769616,0.011076023,0.008812066,0.019085668,0.049946429,0.038348585,0.059418764,0.030611502
TCGA-86-8585-01,0.006027194,0.004643607,0.007560397,0.011539304,0.008688869,0.013144868,0.049533337,0.025225817,0.053894185,0.027872511
TCGA-55-7570-01,0.009694953,0.010990812,0.011202128,0.011566442,0.010531121,0.026703719,0.056701455,0.057044774,0.065456456,0.044268651
TCGA-05-4417-01,0.009117683,0.010848904,0.012531827,0.011329791,0.020615686,0.040091394,0.05579931,0.072684277,0.066024907,0.071996877
TCGA-49-4505-01,0.006424417,0.005898237,0.009116872,0.01203644,0.011881907,0.017225261,0.039242774,0.032799305,0.0541847,0.039600559
TCGA-55-7727-01,0.006109547,0.005253365,0.007776609,0.00879077,0.004502245,0.011794988,0.032395056,0.023925008,0.052491871,0.025983549
TCGA-86-8669-01,0.00973891,0.012610162,0.013637031,0.011568622,0.02270648,0.05237975,0.077003188,0.115335791,0.073918089,0.096865112
TCGA-MP-A4TK-01,0.006531203,0.006079996,0.008468957,0.012253234,0.009441118,0.016432419,0.040059726,0.029347598,0.054439526,0.033933083
TCGA-55-8208-01,0.005605439,0.004571336,0.008261118,0.011462248,0.008845039,0.01306207,0.042360229,0.024600204,0.051951821,0.040145814
TCGA-75-6206-01,0.010327268,0.010687948,0.013755061,0.013273664,0.021325569,0.035209019,0.057869458,0.073018533,0.064848337,0.054804642
TCGA-55-6971-01,0.010215112,0.011880955,0.013991625,0.015498343,0.015125918,0.038559342,0.054661424,0.073613836,0.065525647,0.072200744
TCGA-05-4410-01,0.005867016,0.006786701,0.011010807,0.010047117,0.016878759,0.03293865,0.025464336,0.056793181,0.055408002,0.094074715
TCGA-38-4627-01,0.006873739,0.007729864,0.010450187,0.012214221,0.015877285,0.028231414,0.037776647,0.049177745,0.058159685,0.070326952
TCGA-55-6968-01,0.005971945,0.005573858,0.0069291,0.014565876,0.002703576,0.008252906,0.045628789,0.013855379,0.050802774,0.02109172
TCGA-50-8460-01,0.007482256,0.008024291,0.01098437,0.012668742,0.009366438,0.021904514,0.037571335,0.048102193,0.057789842,0.044196831
TCGA-69-7978-01,0.005755391,0.005228241,0.008252468,0.013911575,0.009477381,0.016168309,0.037620877,0.027580935,0.052580391,0.043298398
TCGA-93-7347-01,0.007429718,0.008188942,0.010432007,0.016973396,0.011279708,0.025652533,0.048766633,0.052653195,0.06070392,0.061344895
TCGA-97-7938-01,0.018977108,0.019442506,0.025783591,0.019114795,0.104283167,0.086761334,0.076177457,0.094524943,0.066449645,0.045750954
TCGA-64-1677-01,0.006691545,0.006000941,0.008660795,0.008611504,0.006875261,0.014261879,0.039708742,0.031852947,0.055761353,0.02968023
TCGA-97-7937-01,0.008239326,0.008499685,0.010438229,0.010192747,0.009655205,0.021930213,0.045073835,0.051195223,0.061309838,0.040181315
TCGA-J2-A4AD-01,0.00697023,0.006257777,0.008402718,0.010511638,0.008101513,0.016039784,0.042691834,0.033883537,0.056842506,0.029457553
TCGA-97-A4LX-01,0.005514449,0.005418842,0.009175972,0.010595255,0.012304716,0.018926236,0.029804444,0.032100145,0.051888994,0.056782999
TCGA-64-1678-01,0.008617902,0.010349042,0.009578839,0.012234301,0.00513187,0.014449437,0.056110569,0.028676418,0.059636204,0.027193571
TCGA-86-8073-01,0.006952809,0.007643985,0.010171383,0.010054331,0.0109276,0.026339574,0.041835954,0.050539598,0.060215424,0.061105188
TCGA-55-A493-01,0.00373957,0.002225312,0.004090713,0.007300515,0.002515254,0.004759668,0.031542001,0.007630772,0.043562196,0.01305843
TCGA-44-2659-01,0.006005576,0.006104725,0.009590042,0.009376728,0.009896561,0.018891653,0.026978881,0.038782754,0.053367237,0.046439939
TCGA-75-7030-01,0.010061736,0.014565282,0.015257005,0.101272958,0.0130827,0.051500529,0.060991792,0.083183377,0.064224552,0.092552025
TCGA-55-7227-01,0.007307419,0.007758967,0.010211032,0.011287234,0.011143659,0.023600441,0.042864698,0.044806215,0.059102159,0.054238039
TCGA-55-8615-01,0.008391031,0.008615799,0.010264148,0.01050091,0.010807742,0.022195593,0.057944867,0.0525132,0.063539179,0.039757297
TCGA-38-4630-01,0.005147116,0.00392955,0.005574514,0.007999936,0.002451154,0.007675495,0.029357812,0.013847448,0.048930051,0.016104023
TCGA-55-1592-01,0.008293219,0.008910659,0.012026403,0.01169703,0.018084029,0.03098647,0.052593602,0.055601436,0.061747854,0.061340898
TCGA-75-5146-01,0.007763327,0.008275313,0.010376602,0.010809845,0.01105846,0.022709868,0.05404197,0.05170088,0.062226748,0.045610802
TCGA-67-4679-01,0.014116373,0.022250904,0.023118241,0.027196285,0.027013175,0.103438716,0.070477293,0.176254078,0.07485338,0.137777265
TCGA-55-8090-01,0.009001495,0.011180066,0.010349653,0.020729422,0.031590266,0.054059779,0.055007088,0.067252379,0.065787171,0.080292266
TCGA-97-7552-01,0.009416397,0.012928859,0.017498048,0.139339177,0.005024073,0.031984231,0.046243085,0.068562005,0.05913296,0.105622117
TCGA-44-7662-01,0.006788956,0.006516373,0.009227052,0.010726824,0.008978848,0.017073596,0.040328334,0.033587217,0.055758797,0.037789729
TCGA-38-4626-01,0.009766326,0.013574496,0.016389878,0.009629541,0.069658049,0.09092792,0.06270987,0.110702644,0.070239274,0.157900522
TCGA-86-8054-01,0.004910112,0.003224144,0.004738894,0.0081836,0.00183922,0.004951164,0.035619513,0.00842997,0.04623913,0.010155629
TCGA-86-6851-01,0.006464041,0.007213532,0.010401567,0.012648699,0.010865109,0.023008573,0.030436445,0.043433089,0.055087382,0.058663989
TCGA-55-8205-01,0.006107561,0.005690171,0.008889277,0.021913198,0.005988869,0.015947979,0.037350252,0.025375388,0.051752307,0.043289896
TCGA-64-5775-01,0.005590843,0.004358587,0.006940839,0.008144019,0.005392358,0.009863354,0.034221811,0.019236474,0.050524564,0.022082075
TCGA-64-1676-01,0.005523846,0.004439843,0.00768672,0.009048589,0.007623464,0.010856135,0.036760711,0.02125167,0.050492412,0.028245939
TCGA-44-2665-01,0.00878422,0.009430291,0.011742017,0.011023762,0.010792947,0.022222499,0.04423456,0.054668982,0.060923838,0.040735708
TCGA-44-7667-01,0.004390377,0.002753088,0.004388584,0.007196156,0.001812463,0.0049145,0.03395374,0.009399332,0.046590632,0.011025713
TCGA-86-8281-01,0.009585578,0.010933004,0.012841611,0.009793556,0.015401369,0.034750301,0.05537147,0.084977199,0.067786997,0.061003134
TCGA-86-7701-01,0.008433465,0.010134719,0.010660809,0.008676906,0.009482576,0.026450122,0.048127677,0.046453655,0.06305784,0.052797947
TCGA-44-6148-01,0.026204509,0.036229183,0.031360165,0.515119126,0.007106542,0.059588562,0.119694189,0.134073066,0.074295202,0.071549899
TCGA-55-6985-01,0.008574311,0.007613718,0.010249766,0.021982969,0.013047443,0.023453332,0.053426482,0.037643348,0.057730603,0.035969353
TCGA-55-1596-01,0.008584816,0.00987117,0.012405718,0.012010226,0.014979061,0.03781138,0.048199259,0.08206504,0.06560447,0.081554776
TCGA-44-7669-01,0.006290631,0.007917504,0.006282576,0.014828454,0.002258215,0.008971004,0.079346108,0.010494571,0.055124036,0.021747589
TCGA-95-A4VN-01,0.005797137,0.004944536,0.007713894,0.011189007,0.007922835,0.013268491,0.040128716,0.021996694,0.051577037,0.026103939
TCGA-49-4494-01,0.006328783,0.005838667,0.008173588,0.009257433,0.009626083,0.017092004,0.039791375,0.033487202,0.056225915,0.038404912
TCGA-49-6745-01,0.007035266,0.006801021,0.009860683,0.019371084,0.006298688,0.017038723,0.043503667,0.033834326,0.055444295,0.040447199
TCGA-05-4424-01,0.00891249,0.009905642,0.012887265,0.019152859,0.00905877,0.02763788,0.046178032,0.056836574,0.06079446,0.057533757
TCGA-73-7499-01,0.00493002,0.00413072,0.00664289,0.009065067,0.004275632,0.009923932,0.027792968,0.017415498,0.048528075,0.026592133
TCGA-78-7158-01,0.009307309,0.011344433,0.012644586,0.014264856,0.010624297,0.029641901,0.050064404,0.065745116,0.064153125,0.056098786
TCGA-86-8668-01,0.00741126,0.008812324,0.010598832,0.01249904,0.016685638,0.031085168,0.039540976,0.057297639,0.060411328,0.064920532
TCGA-71-6725-01,0.008496965,0.010177918,0.012585178,0.009260946,0.017663252,0.036485899,0.039855805,0.077073516,0.063562905,0.069672692
TCGA-35-5375-01,0.007169578,0.006538739,0.00946783,0.009426111,0.008733778,0.014982371,0.03992679,0.033967943,0.055704914,0.031332844
TCGA-38-4632-01,0.007686203,0.007259481,0.009948573,0.011260231,0.009363128,0.017640435,0.052596548,0.037835429,0.058815057,0.037896322
TCGA-49-6761-01,0.006249239,0.00537776,0.007868937,0.011383106,0.007545363,0.013515909,0.040828847,0.027349691,0.053909782,0.027602837
TCGA-86-A4P7-01,0.009513506,0.01298208,0.016569251,0.016387876,0.056263721,0.070259385,0.054598234,0.084021531,0.063634463,0.08649961
TCGA-55-8087-01,0.008102972,0.00908321,0.010823502,0.01160738,0.013782984,0.028116331,0.04702343,0.059428199,0.062666374,0.057503808
TCGA-95-8039-01,0.007619174,0.008394329,0.01084677,0.012690694,0.01167303,0.026018193,0.042329439,0.051870959,0.059991497,0.058078373
TCGA-55-8207-01,0.026690001,0.021424475,0.015220732,0.068720187,0.19832779,0.140477503,0.113414675,0.093469374,0.075473468,0.064135497
TCGA-75-6212-01,0.008429253,0.007613326,0.010979471,0.010975694,0.014011377,0.024351474,0.046177134,0.048459879,0.059667954,0.042317826
TCGA-50-5055-01,0.005275913,0.004467669,0.007451884,0.010877117,0.009125335,0.011945178,0.034812081,0.021176703,0.04981583,0.031158564
TCGA-78-7150-01,0.008457533,0.008154111,0.009646932,0.011509593,0.014259953,0.025546271,0.063196962,0.056995724,0.065098851,0.044366644
TCGA-55-6978-01,0.004065186,0.002894325,0.005597861,0.009508943,0.003809173,0.007601463,0.024050007,0.011290528,0.043678483,0.02208899
TCGA-64-1681-01,0.006627297,0.007060114,0.010862164,0.010626171,0.012967521,0.024977568,0.035809882,0.047326664,0.056608009,0.053981565
TCGA-97-8552-01,0.00848149,0.009172602,0.012029959,0.016903416,0.010360165,0.024708927,0.052012412,0.057126975,0.061478476,0.051674724
TCGA-49-AAR0-01,0.006475648,0.00611293,0.008626476,0.010471125,0.013019765,0.019476142,0.055052691,0.035622453,0.058258677,0.04086163
TCGA-05-4390-01,0.010194994,0.01341728,0.013081287,0.007989709,0.017812694,0.052109098,0.064759162,0.099079534,0.073879148,0.095411902
TCGA-53-7624-01,0.004542181,0.003434925,0.006274097,0.008115234,0.005417567,0.009583411,0.025874494,0.017569301,0.047262403,0.024147965
TCGA-69-7973-01,0.008390669,0.0092108,0.010074136,0.010204691,0.008845147,0.024169235,0.05831442,0.047608766,0.064018133,0.041649398
TCGA-75-6203-01,0.005980433,0.005801339,0.010819649,0.01168211,0.014531512,0.021633368,0.038415944,0.038503138,0.054089024,0.07197782
TCGA-44-2661-01,0.008717799,0.009103869,0.013524189,0.034527513,0.006460156,0.019719419,0.05446779,0.046340448,0.058166504,0.054189931
TCGA-49-4490-01,0.007614173,0.009026179,0.011511191,0.009623465,0.015681586,0.031671312,0.03751698,0.065796366,0.061327602,0.065706258
TCGA-50-5946-01,0.005910269,0.00477161,0.006460133,0.008221152,0.003456396,0.009851195,0.035918897,0.018523251,0.052309156,0.018694069
TCGA-MP-A4TH-01,0.007104327,0.007690672,0.010926464,0.010683204,0.013657275,0.025013214,0.037897801,0.049394487,0.057889927,0.052324807
TCGA-91-6829-01,0.007581025,0.008445872,0.011163098,0.011582604,0.011568333,0.025748953,0.037412454,0.052983338,0.059068413,0.054611807
TCGA-78-7540-01,0.008837476,0.010714353,0.012819921,0.024682883,0.012066565,0.031788538,0.053875112,0.063533897,0.062663023,0.072259013
TCGA-99-8025-01,0.008067776,0.008210765,0.010435777,0.010866213,0.013439617,0.024036634,0.048358433,0.052474392,0.061221121,0.041721115
TCGA-44-8120-01,0.008551405,0.008956183,0.010784934,0.014389724,0.011535925,0.024210213,0.048128287,0.046747627,0.060280975,0.042490163
TCGA-55-8511-01,0.007175232,0.008105785,0.009085101,0.016160115,0.016556837,0.034953525,0.044729991,0.051748187,0.06123011,0.066780351
TCGA-97-A4M6-01,0.005854541,0.006550431,0.010569658,0.010556354,0.016397792,0.030921117,0.029955465,0.050337145,0.055839092,0.098952197
TCGA-05-4427-01,0.005771756,0.004565157,0.007050193,0.010659002,0.004352002,0.010570397,0.035573178,0.019807383,0.05112753,0.023585227
TCGA-55-8514-01,0.009461868,0.010964283,0.013234063,0.013623354,0.037977646,0.05007127,0.071533123,0.091635982,0.068274174,0.064483953
TCGA-62-A46U-01,0.00525899,0.003634981,0.008458584,0.064302772,0.002815597,0.007987733,0.049378173,0.016128369,0.046689172,0.037066114
TCGA-05-4432-01,0.009863676,0.013513888,0.01341797,0.017920364,0.011888726,0.029732625,0.084526547,0.061557473,0.067880465,0.06554381
TCGA-62-A471-01,0.006783425,0.005536963,0.007636033,0.010692334,0.010788891,0.016988204,0.051714147,0.033160932,0.057920911,0.029907785
TCGA-97-8177-01,0.005911946,0.005163982,0.008940604,0.014087076,0.015047084,0.016400231,0.042107281,0.026124635,0.051593431,0.041511683
TCGA-49-AAQV-01,0.008155494,0.009002889,0.010696736,0.009600619,0.015471264,0.032831814,0.051750427,0.069051617,0.065606546,0.064339449
TCGA-50-5045-01,0.006237796,0.005772446,0.008547211,0.010313372,0.013088513,0.016314678,0.045309157,0.027387078,0.054396601,0.041783052
TCGA-86-8674-01,0.013953468,0.010748959,0.013534737,0.014430755,0.038170015,0.040575691,0.117616181,0.080327351,0.071719885,0.032161844
TCGA-62-8402-01,0.003700543,0.00273549,0.00542905,0.008999094,0.005288244,0.007957183,0.023321295,0.012265467,0.043587183,0.027786914
TCGA-78-7160-01,0.010348043,0.009048211,0.013061058,0.015092012,0.019055767,0.027991815,0.056672676,0.04985488,0.060425738,0.040161973
TCGA-95-7947-01,0.006848089,0.006547492,0.009055941,0.011962509,0.009528272,0.019065806,0.038623508,0.038063614,0.056503881,0.039125001
Total,4.000801126,4.363507627,5.436119657,8.224199657,9.034251473,22.75832317,24.53877406,26.9967636,29.59942141,33.00026503
