SampleName,BCL2A1,DUSP2,FTL,HLA-E,HMGB2,ID2,JUNB,LGMN,LYZ,MALAT1,NFKB1,NR4A2,NR4A3,PIM3,PLA2G7,ZFP36,ZNF331,CODE,Group
GSM1854797,9.97469,7.551793,13.721208,12.627437,10.10485,10.384606,9.967083,11.218961,12.25389,12.919927,10.519133,8.663911,10.779266,11.857181,10.242733,12.38894,8.672276,LUAD,Tumor
GSM1854798,8.911627,7.823493,13.759647,12.76419,9.739121,10.191919,9.413224,11.194234,12.014625,12.830813,10.814444,7.593661,9.858746,11.741542,9.321986,11.659482,9.810732,LUAD,Tumor
GSM1854799,10.241558,7.808733,13.747455,12.739883,10.994368,10.423784,9.301787,10.894631,12.559729,12.956084,10.379931,6.945324,8.516917,11.666469,9.425878,10.90001,9.637636,LUAD,Tumor
GSM1854800,10.061034,7.979802,13.661489,12.285238,11.026731,10.558527,8.702023,10.807835,12.58112,13.094544,9.717081,6.512398,8.027431,11.29466,10.399974,10.510994,9.405385,LUAD,Tumor
GSM1854801,10.219859,7.051813,13.670904,12.8222,10.339418,10.179147,9.118283,10.930829,12.130782,13.211885,10.348523,8.084639,9.099745,11.496487,10.761448,11.303419,9.951803,LUAD,Tumor
GSM1854802,9.2746,7.267828,13.685651,12.393907,10.180868,9.649848,8.843921,11.144846,12.0477,13.113259,9.896239,7.247887,9.140074,12.124732,9.681563,11.024252,9.45702,LUAD,Tumor
GSM1854803,11.396508,7.004859,13.779119,12.785912,10.313555,10.830254,9.609549,11.296412,12.75999,13.219221,10.378073,8.900036,10.702166,11.841229,11.098383,11.353341,10.309083,LUAD,Tumor
GSM1854804,11.119455,6.211102,13.772673,12.792499,10.492144,10.980535,9.652987,11.340124,12.777726,13.049703,10.337454,7.130063,9.185426,11.636595,10.817414,11.178498,9.782345,LUAD,Tumor
GSM1854805,9.246407,6.540443,13.78375,12.357949,9.803051,9.6315,8.830242,10.167236,11.999925,13.214607,9.74009,6.642419,8.066796,11.860524,9.358627,10.20006,8.913115,LUAD,Tumor
GSM1854806,8.525331,6.314373,13.634304,12.768177,9.855446,10.095542,9.092427,10.199013,11.755852,13.361269,9.996216,8.139343,8.872792,11.944133,8.782886,11.398019,9.455462,LUAD,Tumor
GSM1854807,9.596086,7.685715,13.738595,12.658629,10.881238,10.485916,9.720791,10.761126,11.688624,13.252173,9.526686,10.329868,11.581653,11.740832,10.650228,12.775816,10.622052,LUAD,Tumor
GSM1854808,9.326187,7.261501,13.693988,12.810523,10.441106,10.761174,9.325223,10.745919,12.495039,13.209563,10.125415,9.262946,12.06492,11.610926,9.674431,12.018709,10.450708,LUAD,Tumor
GSM1854809,8.864863,8.556498,13.58349,12.259073,9.676962,9.76722,9.574908,10.796523,12.044738,13.064823,10.407319,8.801817,9.540619,11.972137,8.588466,12.024133,10.089818,LUAD,Tumor
GSM1854810,9.773301,7.634665,13.706399,12.921808,10.780297,10.523549,9.32427,10.688843,12.67831,13.079905,10.402344,7.366169,8.159152,11.379197,8.672704,10.565546,9.556585,LUAD,Tumor
GSM1854811,9.147619,6.094477,13.645908,12.928775,10.448562,10.596208,8.918497,11.941292,12.156854,13.287665,10.451901,6.632165,8.304258,11.505279,8.371812,10.089901,9.877095,LUAD,Tumor
GSM1854812,9.120958,6.029282,13.493995,12.661113,9.7448,10.965547,9.181371,10.521061,12.758618,12.920092,10.037126,5.895337,8.845799,11.537499,8.67116,11.483296,8.970909,LUAD,Tumor
GSM1854813,9.433658,6.893953,13.69592,12.872259,10.404448,10.650123,9.366065,10.564366,12.552006,13.375509,10.116657,8.762852,7.649436,11.480181,8.820815,11.341658,9.604708,LUAD,Tumor
GSM1854814,8.841249,5.941949,13.646561,12.423732,10.292916,9.88067,9.016986,10.79687,11.950005,13.266451,9.502693,7.790817,9.714245,11.716698,9.124005,10.623877,9.739817,LUAD,Tumor
GSM1854815,9.778923,7.472741,13.567578,12.691487,10.981678,10.126312,9.496738,10.033493,12.627263,13.218844,9.865733,6.453056,7.280836,11.615344,9.72308,10.646615,8.869994,LUAD,Tumor
GSM1854816,9.288985,6.478691,13.728841,12.167743,10.528792,10.938824,8.6342,11.107177,12.470178,13.328685,9.810228,7.264473,8.893195,12.034336,10.42408,11.005895,9.603323,LUAD,Tumor
GSM1854817,7.28172,5.072683,13.675185,11.066956,10.755373,9.418354,8.92538,9.60868,11.130701,13.418211,10.394776,9.478567,11.059937,12.014081,7.807907,11.78184,9.477801,LUAD,Tumor
GSM1854818,10.448257,7.525842,13.661306,12.685276,10.834726,10.86336,9.382653,10.727831,12.585288,12.922237,10.632929,8.070534,10.099454,11.80298,10.824043,11.168223,9.441436,LUAD,Tumor
GSM1854819,10.031167,9.07237,13.719557,12.750489,10.52007,9.677471,9.922718,11.127543,12.283503,12.949851,10.304506,9.153133,12.034958,12.438901,10.631842,12.288502,10.197757,LUAD,Tumor
GSM1854820,10.144425,8.854321,13.635418,12.887749,10.767613,10.501377,9.15526,11.179578,12.905329,13.038551,10.773727,7.600874,9.268206,11.611616,10.666641,11.123894,9.74638,LUAD,Tumor
GSM1854821,9.963464,8.286456,13.745884,12.813315,10.007826,9.92839,9.116654,11.663634,11.724827,13.130309,9.931938,7.282616,9.081619,11.814442,10.417634,10.923064,9.841244,LUAD,Tumor
GSM1854822,8.444561,6.539076,13.670249,11.733452,9.120199,9.515982,9.089287,10.361002,11.507949,13.135404,8.615209,9.797102,10.32404,12.473403,8.255243,11.532392,10.387193,LUAD,Tumor
GSM1854823,9.093225,7.850343,13.66689,12.214283,10.208789,9.550048,9.624043,9.915175,10.604156,13.320597,8.988212,8.544701,9.820576,12.17608,8.979484,12.280191,9.573718,LUAD,Tumor
GSM1854824,10.214541,8.101037,13.739584,12.715093,10.110943,10.487723,9.253267,11.664828,12.342203,13.200616,10.338135,7.17055,8.460926,11.493278,10.444346,11.48816,9.987865,LUAD,Tumor
GSM1854825,9.114805,7.423836,13.63467,12.752968,10.198641,9.984361,9.117126,11.502734,12.247945,13.440069,10.27939,7.417752,8.387552,11.423328,9.261968,11.235724,8.949418,LUAD,Tumor
GSM1854826,10.279195,8.012893,13.807433,12.849058,9.978754,10.090393,9.439047,11.044842,12.87632,13.119457,10.255881,8.772955,10.076894,12.031475,10.087639,12.188223,10.040316,LUAD,Tumor
GSM1854827,10.599564,8.642002,13.561584,12.263713,11.477724,10.618067,9.005647,9.970113,12.143393,13.257972,10.069112,7.813039,8.380437,11.601068,8.933649,10.777899,8.599374,LUAD,Tumor
GSM1854828,9.198476,7.939376,13.869214,12.528129,10.165214,10.279126,10.311253,11.233549,12.230503,13.202398,10.196132,10.380505,11.04713,11.836775,9.152129,12.615189,10.772559,LUAD,Tumor
GSM1854829,9.739455,6.895513,13.559917,12.141499,10.85171,9.66824,8.896998,10.899149,12.18301,12.665909,10.397098,6.232717,7.472412,11.421905,8.549202,9.750921,8.69484,LUAD,Tumor
GSM1854830,7.905964,6.323056,13.600454,12.208702,10.842072,10.705656,10.258808,9.899147,11.146062,13.394946,9.774998,10.423605,11.018244,11.151322,9.057707,11.724993,10.665172,LUAD,Tumor
GSM1854831,7.672874,4.995466,13.578993,11.601205,9.243707,9.368996,7.880937,10.313539,11.567112,12.758836,9.548542,10.49299,7.985712,11.920891,9.822192,10.789344,9.690972,LUAD,Tumor
GSM1854832,8.959837,7.057329,13.699455,12.751812,9.52019,9.89535,9.113812,10.786487,12.546711,12.885242,10.511667,7.306782,7.044789,11.779396,8.655608,11.076229,9.757979,LUAD,Tumor
GSM1854833,9.557515,6.152258,13.762129,13.22739,10.016074,10.996448,9.290857,10.936177,12.372716,13.005738,10.15638,8.605743,8.194447,11.460865,8.963708,11.633552,11.274668,LUAD,Tumor
GSM1854834,9.541715,7.638349,13.77773,12.884924,9.921686,10.251164,9.146602,12.003451,12.585204,13.226919,9.98474,6.347492,8.448428,11.137331,9.540212,10.877413,8.828615,LUAD,Tumor
GSM1854835,9.652464,9.475259,13.694492,12.849081,10.843865,10.59719,10.424312,10.581073,12.756539,13.485786,10.511415,10.145641,9.764414,11.917126,10.210106,12.468699,9.374018,LUAD,Tumor
GSM1854836,10.271465,7.314996,13.647489,12.771231,9.454141,11.067577,10.077835,11.066932,12.720219,12.923637,10.722989,10.985168,12.595337,11.820573,9.586382,12.24438,11.238674,LUAD,Tumor
GSM1854837,9.728556,5.62667,13.73059,12.376207,9.507942,10.434934,8.918319,11.862711,12.684938,12.966402,10.317992,6.090823,8.684618,11.323796,9.900977,11.61189,9.502406,LUAD,Tumor
GSM1854838,10.44529,6.345542,13.77172,12.382618,10.41456,10.376649,9.517827,10.95178,12.279035,13.198969,10.061384,7.742671,7.784462,11.674048,10.28278,10.425052,9.350922,LUAD,Tumor
GSM1854839,9.428914,6.293086,13.776183,12.637731,10.13038,10.505857,8.282102,10.525855,12.625006,13.360437,10.25555,7.36423,8.819046,11.390679,9.287923,10.767281,9.681677,LUAD,Tumor
GSM1854840,10.671664,9.153455,13.838588,12.761646,10.621423,11.314576,10.998257,11.164443,12.685599,13.339339,10.355911,12.397962,13.18775,12.335749,10.131615,12.734544,11.92243,LUAD,Tumor
GSM1854841,8.404728,7.78366,13.489944,11.999491,9.605559,8.384597,8.748555,10.514523,11.533106,13.129477,9.777327,9.055748,7.216714,12.080877,9.548786,10.812552,8.812612,LUAD,Tumor
GSM1854842,8.898742,7.262561,13.730334,12.824592,10.729467,10.887259,9.026516,10.800095,12.950922,13.319998,10.498684,8.18305,10.891746,12.094352,10.202673,11.439203,10.011266,LUAD,Tumor
GSM1854843,10.186063,5.970701,13.827269,12.766153,10.243507,10.474742,8.856958,10.96821,12.987537,13.311646,10.195867,7.0852,9.012359,11.479439,9.818878,11.179869,10.273186,LUAD,Tumor
GSM1854844,7.489831,5.2015,13.703581,11.52925,8.770318,10.057689,8.001258,10.500267,10.671656,13.297641,10.082073,9.006589,7.542583,12.141254,8.478163,10.654288,9.102979,LUAD,Tumor
GSM1854845,10.733044,7.304057,13.805646,12.711239,9.832589,11.492067,9.706658,10.8278,13.084769,13.321029,10.052066,10.319479,12.123509,12.054808,9.519503,11.95736,11.208994,LUAD,Tumor
GSM1854846,8.511291,6.431746,13.651349,12.311604,9.530465,9.238626,8.658392,10.585609,12.336179,13.246901,9.434542,10.21755,10.169373,11.563527,8.694665,12.091746,10.387953,LUAD,Tumor
GSM1854847,8.719427,7.255927,13.682374,12.765898,10.130539,10.728768,9.544894,11.547384,12.628801,13.39998,10.09509,8.94875,11.520968,11.739214,10.380655,12.146888,9.497197,LUAD,Tumor
GSM1854848,11.491083,7.166729,13.765639,13.038912,9.54516,10.853455,8.825677,12.282294,12.605137,13.331906,10.569393,8.160783,11.066567,11.462779,11.667809,11.752863,10.271349,LUAD,Tumor
GSM1854849,9.294536,6.810366,13.712216,12.736622,10.02798,10.181868,9.327748,11.111878,12.297283,13.168275,10.525781,6.681226,8.28142,11.785792,9.925369,10.818901,9.573221,LUAD,Tumor
GSM1854850,8.183449,5.539803,13.718959,12.166958,9.720854,9.408964,8.901584,10.768955,11.992579,13.310448,9.823041,10.637772,10.232703,11.738011,9.615694,11.652821,9.911094,LUAD,Tumor
GSM1854851,8.924308,6.855931,13.479663,12.678623,11.090881,10.099694,9.074672,11.322599,12.550921,13.163383,9.813629,8.518865,9.469323,11.556485,10.079337,11.340726,10.351917,LUAD,Tumor
GSM1854852,8.391414,7.149399,13.704265,12.703922,10.426935,10.763288,9.360455,10.509831,12.738788,13.091348,10.444085,8.419839,10.237006,11.30139,8.939404,11.752589,9.851816,LUAD,Tumor
GSM1854853,10.38236,7.242874,13.605718,12.769448,10.468971,10.325435,8.383009,11.016874,12.557886,13.379144,10.249289,9.654557,8.626451,11.487405,9.712921,10.335669,9.178841,LUAD,Tumor
GSM1854854,10.074933,7.972285,13.720484,12.524913,10.477355,11.189038,10.197521,11.074816,13.158399,13.131548,10.574386,12.818832,10.07756,12.267456,8.460548,12.007225,9.172776,LUAD,Tumor
GSM1854855,10.108509,7.283001,13.762108,12.399637,10.649341,10.154928,9.621884,11.017252,12.030826,12.796046,9.841126,8.32094,10.68188,11.817148,9.476012,11.198952,9.232888,LUAD,Tumor
GSM1854856,9.856033,6.524414,13.734831,12.878794,10.095855,10.643955,9.284806,11.110209,12.713608,13.074895,10.25758,6.607662,7.566558,11.020201,9.150295,9.989001,9.398617,LUAD,Tumor
GSM1854857,9.229847,6.87522,13.672005,12.49919,10.068765,10.128661,9.263975,10.894978,11.850014,13.120068,9.8693,7.458095,9.448956,11.24937,10.108934,11.471594,9.671181,LUAD,Tumor
GSM1854858,10.414771,6.552131,13.702333,12.624773,10.968527,10.134029,9.253513,10.849438,12.406161,12.980511,10.392971,6.68505,8.130937,11.196539,9.853106,10.864623,8.950543,LUAD,Tumor
GSM1854859,9.553504,7.459255,13.654381,12.592382,10.292882,10.286747,9.131052,11.066397,12.21568,13.157514,10.181321,8.251876,10.458196,12.235027,10.22395,10.844276,8.644962,LUAD,Tumor
GSM1854860,9.765353,8.631574,13.577982,13.215537,10.237017,10.939711,10.162619,10.773126,12.966432,13.444113,10.37811,8.511318,9.282206,12.06808,9.82916,12.944025,9.110626,LUAD,Tumor
GSM1854861,9.682178,7.332416,13.556175,12.356156,10.656401,10.480089,9.126357,10.667122,12.404599,13.29339,9.899247,8.114304,9.544545,11.23971,10.036386,10.702517,9.125357,LUAD,Tumor
GSM1854862,10.464096,7.923006,13.71334,12.735075,10.544129,10.881374,9.491221,10.781621,12.577436,13.196364,10.209496,9.478045,10.435313,11.597278,10.234628,11.773549,9.818434,LUAD,Tumor
GSM1854863,8.779036,6.781732,13.648313,12.519175,9.187754,10.349404,9.457497,10.847904,11.472267,13.00721,10.359857,8.737175,11.399909,11.567675,8.948124,11.914094,9.89427,LUAD,Tumor
GSM1854864,10.01359,6.760395,13.806673,12.56079,10.092415,10.30256,9.094025,11.004191,12.312001,13.145592,10.421487,7.93796,10.102706,11.745953,9.827194,10.894994,10.044094,LUAD,Tumor
GSM1854865,9.148703,6.083614,13.766798,12.669668,10.288068,10.813611,8.978969,11.111281,12.055958,13.253487,9.94036,7.70352,8.212931,11.754972,10.257691,10.276845,9.34996,LUAD,Tumor
GSM1854866,8.931236,8.153914,13.800294,12.431967,10.390479,10.039537,9.506457,11.296318,11.825829,13.05524,9.911204,6.956142,8.262576,12.40605,8.190664,11.512689,9.437223,LUAD,Tumor
GSM1854867,7.023288,5.935978,13.610106,12.308292,9.784176,11.061526,8.698446,10.785517,11.479243,13.423826,10.739338,8.165916,7.391478,12.100555,7.396127,11.409103,8.58439,LUAD,Tumor
GSM1854868,9.349828,6.858168,13.688036,12.539775,10.775289,9.42188,9.209264,10.077657,11.630579,12.955199,10.03385,5.85624,7.791352,11.024339,10.063342,10.276307,8.618087,LUAD,Tumor
GSM1854869,8.565688,6.729755,13.526857,12.130047,9.841529,9.947888,9.803755,10.283678,12.024347,12.948642,9.897361,9.364859,10.430913,12.054865,8.653485,11.683806,10.127563,LUAD,Tumor
GSM1854870,9.741107,7.783108,13.669594,12.084758,10.589662,9.719772,9.998898,10.773987,12.11734,13.272108,10.492169,9.1497,10.619929,12.076518,9.87434,11.672294,10.941662,LUAD,Tumor
GSM1854871,8.466155,7.122434,13.61638,12.626195,10.07053,10.055949,9.655884,11.051495,11.656799,13.603468,10.794637,7.186834,7.385158,11.83274,7.820471,10.609356,9.008814,LUAD,Tumor
GSM1854872,9.489534,6.2938,13.755756,12.614938,9.537752,10.523819,9.387244,11.752839,11.627157,12.784189,9.92948,7.141859,9.423218,11.824635,9.841917,10.875386,9.341752,LUAD,Tumor
GSM1854873,8.035407,7.434508,13.522209,12.423737,10.546367,11.588408,9.825549,10.336772,10.517828,13.126524,10.15718,8.633111,10.275082,11.45742,9.01709,11.157106,8.846146,LUAD,Tumor
GSM1854874,9.100055,6.290579,13.804962,12.930037,9.481776,10.513689,9.314776,10.931072,12.613129,13.425344,10.013746,8.694272,9.982473,12.30334,9.450275,11.339787,9.751532,LUAD,Tumor
GSM1854875,9.680158,8.463031,13.663921,12.668243,11.077969,10.315542,9.202648,10.603584,12.286977,13.068571,10.373802,8.709076,10.416946,11.83567,10.484906,11.373944,10.54688,LUAD,Tumor
GSM1854876,9.40942,7.338019,13.769879,12.044196,10.210288,10.674926,9.392525,10.178854,12.192165,13.041101,9.678321,9.410057,10.217781,12.094636,9.827463,11.429955,9.990649,LUAD,Tumor
GSM1854877,10.573923,7.789553,13.776598,12.741987,10.221485,10.832016,10.059889,10.89451,12.489281,13.170259,10.213752,9.564197,9.194555,12.225161,10.746416,11.840064,9.571555,LUAD,Tumor
GSM1854878,10.166321,8.323551,13.688016,13.023864,10.733421,10.351873,8.882178,10.127791,12.511521,13.16475,9.957884,7.012567,7.498059,11.819578,10.250425,11.148306,10.039768,LUAD,Tumor
GSM1854879,9.289657,5.931619,13.632171,12.593232,10.248819,9.874534,9.118597,10.27615,11.803529,13.209669,10.443281,9.329209,8.961036,11.702087,8.228714,11.495227,10.577736,LUAD,Tumor
GSM1854880,10.411695,7.282265,13.669026,12.6675,10.422333,10.488326,9.025437,10.357102,12.670159,13.071364,10.233329,7.50138,8.28459,11.630044,10.806716,9.772089,8.901706,LUAD,Tumor
GSM1854881,8.727762,6.818065,13.574952,12.512456,10.476727,10.107721,9.003831,10.336203,11.943013,13.109879,10.02397,8.968258,9.537816,11.694812,9.313655,10.414379,10.035934,LUAD,Tumor
GSM1854882,8.530016,7.201301,13.559665,12.464414,10.552864,9.750716,8.96985,10.830273,12.354182,13.281092,9.971387,7.718427,9.304222,11.293166,9.317807,10.892642,9.504573,LUAD,Tumor
GSM1854883,7.666112,9.832338,13.308609,11.301302,9.712573,11.789595,9.419523,8.90571,10.215214,12.928043,11.59023,8.718592,6.967678,11.935694,7.928981,10.179863,8.881189,LUAD,Tumor
GSM1854884,10.300809,8.63708,13.763361,12.959889,10.629117,10.8256,9.605686,11.051248,12.59423,12.850726,10.503063,7.346478,8.201626,11.411776,10.434252,11.104319,9.088436,LUAD,Tumor
GSM1854885,8.047256,6.97696,13.686645,12.427145,9.032086,9.462912,8.473279,10.789065,11.344071,12.989369,10.094437,8.230447,8.540601,12.003178,8.737555,10.515045,8.35165,LUAD,Tumor
GSM1854886,8.903801,6.104842,13.561581,11.830456,10.114658,9.591837,9.128482,9.759191,11.80522,13.104997,10.137037,9.302951,7.655501,12.026703,8.455063,10.254035,8.644347,LUAD,Tumor
GSM1854887,8.680197,6.225151,13.663031,12.609629,10.1476,9.737605,8.724231,10.754086,11.523417,13.202076,9.947437,8.713235,9.46783,11.132894,8.548456,11.158183,9.597538,LUAD,Tumor
GSM1854888,8.457325,7.149547,13.781407,12.500186,9.487631,9.818662,9.082251,10.52379,12.22598,13.36198,10.057208,8.834227,8.806261,12.118814,9.412265,11.002965,9.45399,LUAD,Tumor
GSM1854889,8.274685,7.165146,13.680932,12.588596,9.974077,10.816558,9.795863,11.280253,11.619022,12.968818,10.173895,9.475885,11.744343,11.950212,9.390052,11.873431,10.220984,LUAD,Tumor
GSM1854890,9.120386,6.681997,13.596935,12.383998,10.291377,10.480151,9.151131,10.739867,12.61875,13.150571,10.30173,9.507539,9.218125,11.575053,9.081065,11.158808,9.344632,LUAD,Tumor
GSM1854891,10.859689,8.828433,13.642711,12.479584,10.65664,9.944768,10.091136,10.709572,11.579826,12.989439,9.911115,9.830053,11.695298,12.050113,10.306104,11.452875,10.137348,LUAD,Tumor
GSM1854892,9.988164,8.190382,13.704449,12.176275,10.995789,9.595509,9.362428,11.083235,11.715304,13.088217,10.219762,8.557049,9.901335,12.310788,9.769922,11.221194,9.694059,LUAD,Tumor
GSM1854893,10.238803,7.371608,13.668174,12.478638,10.370827,10.173612,9.491157,10.519742,12.147399,13.116314,9.648839,6.599657,9.382912,11.334682,10.661779,10.181811,9.885663,LUAD,Tumor
GSM1854894,10.368331,8.96602,13.742817,12.728328,9.978116,10.900775,10.218856,11.01045,12.469564,13.033214,10.324226,10.738402,12.60345,11.908448,10.441999,12.320786,11.336673,LUAD,Tumor
GSM1854895,9.961465,8.3974,13.686182,12.286152,11.041196,10.036658,9.855662,9.929656,12.000793,13.135214,10.291026,9.807379,9.958621,12.041915,9.689727,11.772736,9.900651,LUAD,Tumor
GSM1854896,10.801723,6.784837,13.870789,12.905549,10.305803,11.076394,10.382294,11.688119,13.018732,13.171152,10.044827,9.744993,11.068405,11.760959,11.741481,12.166134,10.530205,LUAD,Tumor
GSM1854897,10.488114,6.70747,13.773843,12.785049,10.50005,10.629501,9.285195,11.270407,12.50865,13.192331,10.145008,6.105705,7.690498,11.471097,10.223044,10.207716,8.913595,LUAD,Tumor
GSM1854898,9.178485,6.055699,13.816908,12.872457,10.467385,9.779162,9.016335,11.416043,12.621723,13.19739,10.115716,6.831071,6.96966,12.096811,8.072967,10.041363,9.369041,LUAD,Tumor
GSM1854899,10.015567,7.887414,13.694047,12.673729,9.913893,10.804267,10.063935,10.834618,12.199505,13.000908,10.152053,10.420436,11.703684,12.026185,9.721226,12.00272,10.577094,LUAD,Tumor
GSM1854900,11.010431,7.058715,13.847656,13.307634,9.827009,11.026264,9.257129,12.124496,12.579726,12.970747,9.987594,7.569491,9.388252,11.828068,11.942348,11.422915,10.100511,LUAD,Tumor
GSM1854901,9.17725,7.199776,13.564769,12.597303,9.724506,11.224941,9.724928,10.523608,12.140114,13.229194,10.344653,7.842777,8.472239,11.808708,9.571893,10.748067,9.113552,LUAD,Tumor
GSM1854902,7.53573,7.068196,13.602759,12.455904,10.12643,10.594631,10.129199,10.510743,12.19595,12.963856,10.283329,10.268398,8.240021,11.33715,8.137151,11.435614,9.403478,LUAD,Tumor
GSM1854903,9.678466,7.00808,13.641264,12.644756,10.594319,10.454451,9.426181,10.379723,12.096781,13.287077,9.768872,6.296906,7.586887,11.534701,9.468423,10.805762,9.570581,LUAD,Tumor
GSM1854904,9.071765,7.087184,13.507389,12.521695,10.037935,10.217952,9.337341,9.903647,11.928769,13.025991,9.93072,8.305145,7.264822,11.874674,9.24657,10.74152,9.166161,LUAD,Tumor
GSM1854905,10.022768,7.69531,13.767131,13.089691,11.570422,11.248322,9.888637,11.403789,12.491531,13.106712,10.108954,8.589956,8.140533,11.837538,10.234831,11.737377,9.109602,LUAD,Tumor
GSM1854906,7.392791,6.418661,13.596549,12.201516,10.73579,9.905539,9.594283,11.694512,11.072681,13.286654,10.270313,8.7942,8.505549,12.420195,7.869747,10.909008,10.080235,LUAD,Tumor
GSM1854907,8.70105,7.218132,13.728427,12.314805,9.575878,10.162665,9.39129,11.308426,11.552154,13.128155,9.841988,8.138554,10.968078,12.456466,8.901028,11.688929,10.736669,LUAD,Tumor
GSM1854908,10.47506,9.854303,13.72699,12.970519,10.260026,11.420623,10.688921,11.208567,12.180363,13.109839,10.544157,10.68574,12.391717,11.93114,10.174507,12.318423,11.667319,LUAD,Tumor
GSM1854909,9.512324,6.552701,13.736213,12.719875,10.079224,10.427802,9.445374,10.906309,12.753094,13.372349,9.790912,7.133719,8.294245,11.665378,9.072787,10.610114,8.896034,LUAD,Tumor
GSM1854910,9.550559,9.092645,13.704813,12.942738,10.4575,10.630571,9.714184,10.75608,12.416973,13.20685,10.09395,8.533829,10.622414,11.549294,9.930788,11.813906,10.357677,LUAD,Tumor
GSM1854911,7.57059,6.288832,13.683655,11.69549,10.178465,11.518166,10.425629,10.752987,11.7125,13.01081,9.576991,8.985016,11.116228,12.302967,7.256688,12.643635,9.299385,LUAD,Tumor
GSM1854912,8.412049,6.098389,13.809484,12.411304,10.880381,11.168352,9.883218,10.745372,11.474385,12.759804,9.059853,8.651884,9.186902,12.044695,9.251477,11.179035,9.338377,LUAD,Tumor
GSM1854913,9.871889,8.129683,13.708579,12.906351,10.447726,11.223132,10.038915,11.033656,12.535215,13.095364,10.018796,9.806716,11.759213,12.047599,10.236289,11.824471,10.70952,LUAD,Tumor
GSM1854914,8.009429,7.285173,13.790936,11.900364,9.733684,9.214176,9.068508,10.391776,11.773085,13.122684,9.370926,9.647676,7.927548,11.970573,9.297587,11.396262,9.545963,LUAD,Tumor
GSM1854915,10.830043,6.804914,13.698148,12.699175,10.149589,10.902348,9.516772,10.67622,12.734699,13.122941,10.175441,7.08686,9.055628,11.344232,10.338984,10.505818,8.87868,LUAD,Tumor
GSM1854916,8.219851,6.72034,13.766858,12.304451,9.593991,10.421087,9.609265,10.245486,11.514948,12.908505,9.932941,8.80376,10.541097,11.999039,8.979823,11.574636,9.291163,LUAD,Tumor
GSM1854917,11.075341,7.270489,13.776549,12.764376,9.495879,10.783571,10.23584,11.603386,12.448165,13.162869,10.382172,10.383614,10.948593,11.798177,11.036645,12.362295,10.806087,LUAD,Tumor
GSM1854918,9.721478,9.943117,13.645651,12.936139,10.771126,11.103234,11.141286,10.414332,12.538756,13.340422,10.524237,12.300914,11.901792,12.227326,9.680357,13.047434,10.427784,LUAD,Tumor
GSM1854919,9.736416,6.790688,13.709906,12.614034,10.686755,10.149054,9.621639,10.83213,12.758593,13.321673,10.476489,8.987773,10.729701,11.817682,9.492217,12.367721,9.013505,LUAD,Tumor
GSM1854920,9.24367,6.419394,13.680642,13.046658,9.682952,10.251838,9.075734,10.856854,12.594538,13.245102,10.642916,6.752777,6.87025,12.112036,9.391629,10.527356,8.668538,LUAD,Tumor
GSM1854921,9.684709,8.000155,13.679327,12.128772,10.85681,10.368825,9.265178,10.63549,12.105493,12.887135,10.315629,9.154555,9.451251,11.877127,8.760167,11.465777,8.745091,LUAD,Tumor
GSM1854922,10.372971,6.840357,13.77766,13.070006,9.904609,10.851084,8.852978,11.594783,12.764836,13.155361,10.167627,5.512104,7.827249,11.267636,10.769298,10.309433,9.528672,LUAD,Tumor
GSM1854923,10.490393,8.705755,13.709182,12.871711,9.988909,11.186184,10.596721,10.86123,12.695126,13.324496,10.894702,10.096527,12.467853,12.356668,9.429824,12.671701,11.178933,LUAD,Tumor
GSM1854924,10.457901,8.316503,13.804237,13.245202,9.891549,10.628208,9.385095,11.631236,12.748391,13.287969,10.551295,8.439699,10.461322,11.183226,10.254328,12.011919,9.936128,LUAD,Tumor
GSM1854925,7.90102,6.805281,13.702604,12.26841,10.345003,10.604286,8.975716,10.421515,11.927791,13.176335,9.835489,9.59566,7.273721,11.749265,9.265244,11.118331,8.18724,LUAD,Tumor
GSM1854926,9.823842,8.388967,13.709606,13.094213,10.635302,10.176415,9.614385,11.328483,12.223038,13.106628,10.514189,6.766744,8.939752,11.113186,10.374051,10.851786,9.596958,LUAD,Tumor
GSM1854927,9.672706,8.423666,13.644161,12.717786,10.800791,10.525462,10.213584,10.850643,12.224209,13.243119,10.418618,8.071188,8.194751,11.376771,9.405453,12.123413,8.507374,LUAD,Tumor
GSM1854928,10.244207,7.670142,13.730294,12.991918,9.870307,10.725169,9.613969,11.313841,12.451105,13.314681,10.550932,7.008755,7.642,11.506201,9.06988,11.120599,9.305528,LUAD,Tumor
GSM1854929,8.783457,7.12945,13.642772,12.581691,10.145866,10.224776,9.277739,10.451657,11.569461,13.12056,10.036661,8.862537,11.935861,11.381479,9.295701,10.771386,9.9332,LUAD,Tumor
GSM1854930,9.443726,7.887986,13.816089,12.885374,10.163843,10.546922,10.175951,11.590345,11.829063,13.110255,10.386684,10.357173,12.235269,12.069509,9.801289,12.548807,10.719019,LUAD,Tumor
GSM1854931,10.075741,7.784207,13.772802,13.107149,10.410204,10.632634,9.065388,10.803477,12.581439,12.983361,10.610972,7.217877,9.303355,11.840598,10.145097,11.184085,9.690922,LUAD,Tumor
GSM1854932,8.131003,6.304857,13.622559,12.460489,10.285176,10.234591,8.745092,10.484567,11.48635,13.638157,9.603328,6.202836,7.612247,11.421086,8.569669,10.185441,8.708005,LUAD,Tumor
GSM1854933,8.894136,5.738043,13.486513,11.279095,11.103163,11.019384,8.754469,10.048441,11.446005,13.223859,9.354553,8.421167,8.591113,12.192097,8.831459,9.808354,7.769076,LUAD,Tumor
GSM1854934,9.671721,7.236748,13.717034,12.78939,10.340329,9.864984,8.952623,11.175004,12.562911,13.31695,10.401836,5.978581,9.377856,12.114645,9.064261,10.593088,8.522798,LUAD,Tumor
GSM1854935,9.24973,6.007887,13.636513,12.461788,10.349076,10.497137,9.310788,9.426773,13.032835,13.268892,10.14553,6.755314,7.517018,11.475284,8.466037,10.993264,8.151697,LUAD,Tumor
GSM1854936,6.506197,5.589048,13.692047,11.734408,9.848476,10.178748,8.328995,9.527382,11.142885,13.460049,9.281204,8.808519,8.525501,12.398261,7.725951,10.448347,7.444631,LUAD,Tumor
GSM1854937,10.904081,8.607135,13.86294,12.763954,10.582922,10.406253,10.077146,10.674677,12.665498,13.033215,9.931282,9.803179,10.912553,11.883517,10.849571,12.475967,11.459717,LUAD,Tumor
GSM1854938,11.154814,6.684806,13.649816,11.852302,10.719657,9.340817,9.320529,10.350913,11.654182,13.177275,10.227654,8.396335,9.378918,11.607258,10.542333,11.051532,9.348767,LUAD,Tumor
GSM1854939,8.617279,6.319456,13.720933,12.628591,10.041514,9.24162,8.621171,10.913873,11.773841,12.973897,9.124945,5.537199,7.170674,11.587947,10.309477,10.377889,8.829932,LUAD,Tumor
GSM1854940,9.658303,7.571371,13.675177,12.81511,10.21596,10.023892,9.494263,10.732987,12.216736,13.283472,10.502182,8.705305,10.49814,12.073834,9.995014,12.067514,10.5058,LUAD,Tumor
GSM1854941,9.412572,6.920531,13.745009,12.72344,11.225937,9.914947,8.234666,10.979276,11.672931,13.417078,9.517874,5.821093,7.775756,10.983968,10.3263,10.193195,9.708905,LUAD,Tumor
GSM1854942,9.696817,7.756918,13.870017,12.486284,10.998557,10.219339,9.82314,10.293694,12.211709,13.109041,9.901514,8.937287,9.629298,11.493616,8.082176,11.98956,9.400145,LUAD,Tumor
GSM1854943,9.55634,7.585357,13.613324,12.221808,10.253672,10.46166,10.046309,10.223959,11.864536,13.006259,10.059175,7.401578,7.817766,11.952248,9.262,11.416282,9.083563,LUAD,Tumor
GSM1854944,9.586667,8.02287,13.685356,12.706761,10.099886,10.788445,10.210888,10.727966,12.64686,13.453675,10.107603,9.018831,8.795562,11.570673,9.797653,12.003879,8.845265,LUAD,Tumor
GSM1854945,10.077712,7.016809,13.747728,12.525747,10.893182,10.111186,8.851009,11.166217,12.205162,13.164196,10.011454,7.581156,9.080023,11.455926,10.106,10.127635,9.622046,LUAD,Tumor
GSM1854946,10.754412,7.091264,13.721693,12.567048,10.952378,10.150313,9.271906,10.737638,12.771124,13.186396,10.547384,8.607459,10.217527,11.729912,9.988685,12.001506,10.101806,LUAD,Tumor
GSM1854947,9.838813,6.645754,13.753209,12.38874,10.480358,9.428582,8.441857,10.750172,12.474493,13.188911,9.870613,6.201554,7.66485,12.159139,10.426118,10.254011,8.311382,LUAD,Tumor
GSM1854948,8.474726,6.978272,13.617204,12.400238,10.287091,10.314977,8.730258,9.44704,12.498252,13.336244,10.052065,8.341606,8.738552,12.152375,8.828545,11.964379,9.193803,LUAD,Tumor
GSM1854949,10.116398,6.969938,13.801158,12.582993,10.610827,10.559189,9.713763,11.090306,12.711157,13.349699,10.087615,8.982317,10.678766,12.000219,10.510181,11.975391,9.759287,LUAD,Tumor
GSM1854950,9.972976,7.880337,13.681028,12.535259,10.245446,11.167473,10.158267,10.954961,12.851116,13.505664,10.23117,10.600583,11.958264,11.942056,9.08566,12.481563,9.952662,LUAD,Tumor
GSM1854951,10.037091,7.960798,13.736088,12.843341,10.843974,11.099882,10.362836,10.737613,12.704839,13.265297,9.951275,10.290141,10.883557,11.770687,10.457421,12.061208,10.104675,LUAD,Tumor
GSM1854952,9.362066,7.110823,13.753639,12.702208,10.11969,11.276094,10.274304,11.094629,12.580476,13.266376,10.06323,10.270362,10.222805,12.221313,9.06977,12.115292,9.942952,LUAD,Tumor
GSM1854953,7.887298,6.660548,13.658837,12.622306,10.521378,10.60791,9.403543,10.373331,11.924162,13.487,9.909607,8.409739,8.319197,12.28642,8.633638,10.835702,9.022333,LUAD,Tumor
GSM1854954,10.733127,6.998108,13.820228,12.688194,10.651883,10.254534,9.844021,10.990449,12.206607,13.116888,10.108534,5.914148,7.635946,11.412834,10.310336,10.937825,8.722118,LUAD,Tumor
GSM1854955,7.343722,6.029522,13.725375,11.797046,9.628969,9.090771,8.48118,10.351742,11.42365,13.242465,9.713992,8.614887,7.486434,11.438966,7.983408,10.711969,10.019843,LUAD,Tumor
GSM1854956,9.984614,7.840432,13.70711,12.02109,11.762949,11.60926,8.463672,10.322471,12.67669,13.225501,9.070603,7.879079,7.785055,11.148333,10.602109,9.760894,9.220536,LUAD,Tumor
GSM1854957,9.13925,6.136007,13.680567,12.135889,10.049807,9.717663,8.301178,10.461469,12.052205,13.128281,10.335419,5.159766,7.452969,11.539699,9.042027,10.334969,9.063084,LUAD,Tumor
GSM1854958,10.374259,7.896755,13.642277,12.630982,10.215318,10.548776,9.43758,11.585372,12.706384,13.419943,10.250644,8.984002,10.412351,11.843935,9.654335,11.949862,9.514042,LUAD,Tumor
GSM1854959,10.539479,7.557047,13.719854,12.459984,10.693482,10.661195,9.105265,10.422326,12.808365,13.228624,10.249665,6.937497,8.641374,11.010477,10.40205,9.870645,9.230018,LUAD,Tumor
GSM1854960,8.408842,8.057708,13.691858,12.602673,9.916491,9.76373,9.493172,9.794595,12.132939,12.993549,10.024746,8.09123,9.082489,11.629773,9.442206,11.698922,9.975429,LUAD,Tumor
GSM1854961,9.160751,7.460029,13.761334,11.972441,11.483604,10.006422,8.672519,10.000748,12.547086,13.195256,9.58038,6.716963,6.122448,10.947164,9.534071,10.260779,9.467515,LUAD,Tumor
GSM1854962,9.547726,8.21141,13.705487,12.845652,9.912302,10.624684,10.293601,11.029239,11.930942,13.0199,10.648112,9.400126,12.272705,12.087574,10.231895,12.781992,10.882927,LUAD,Tumor
GSM1854963,9.607531,5.692058,13.737499,12.196765,10.180657,9.749946,9.792414,10.491457,11.655915,13.165866,9.984619,5.340371,7.26254,11.530783,9.532482,10.674202,8.46504,LUAD,Tumor
GSM1854964,9.407029,5.864899,13.622741,12.000396,10.332679,10.582315,9.557594,10.000899,12.379163,13.460402,9.624959,7.268346,7.813278,11.567068,8.027234,11.724861,9.715415,LUAD,Tumor
GSM1854965,12.128494,7.944419,13.697906,12.312415,11.100395,10.865033,9.889562,10.156873,12.097955,13.274762,10.382359,9.757981,10.58949,11.659276,9.393937,11.750444,10.014283,LUAD,Tumor
GSM1854966,9.51573,8.189811,13.725954,12.57458,10.105759,10.867121,9.81572,11.034791,12.481766,13.277795,10.243933,8.918275,11.276809,12.242824,9.47995,12.211466,10.546346,LUAD,Tumor
GSM1854967,9.576067,7.096575,13.725443,12.388983,10.825048,10.178783,9.618529,10.422404,11.533339,13.29483,9.505387,8.560254,10.093118,11.758888,9.418064,12.188908,9.511566,LUAD,Tumor
GSM1854968,10.439332,7.883109,13.706627,12.495746,11.352165,10.417765,8.826001,10.922196,12.700127,13.1474,9.768163,7.717074,9.509191,12.219657,11.015681,10.070284,9.226131,LUAD,Tumor
GSM1854969,7.497463,7.226747,13.585672,11.680889,10.836613,9.617611,8.322223,9.494473,10.595693,13.097259,9.484567,5.916174,7.616021,11.617763,7.687679,10.037348,9.781804,LUAD,Tumor
GSM1854970,9.786331,8.133945,13.434156,12.7619,11.250062,10.585039,9.370218,9.126334,12.114743,13.357285,10.583012,10.055822,11.457074,11.940251,8.344039,11.601514,10.204085,LUAD,Tumor
GSM1854971,9.320511,7.305601,13.605755,12.422496,10.896123,10.22402,9.123,9.577271,11.899799,13.34941,10.075878,8.775847,8.726709,11.848041,9.690734,10.992711,9.468487,LUAD,Tumor
GSM1854972,9.295524,7.120197,13.63179,12.503596,10.36817,10.495161,9.906337,10.522316,12.607814,13.128494,10.390664,9.26826,10.002738,12.233,9.787253,12.132468,9.960919,LUAD,Tumor
GSM1854973,9.61621,5.262476,13.777616,12.558191,10.399433,10.077851,9.188202,11.174686,11.931438,13.208135,10.249011,6.392456,8.588025,11.515615,9.07795,10.218334,9.491749,LUAD,Tumor
GSM1854974,11.406415,8.076523,13.813097,13.008656,10.594942,10.488184,9.413825,10.802923,12.75402,13.15623,10.735949,7.2034,7.9515,11.70093,11.323861,11.50703,9.607405,LUAD,Tumor
GSM1854975,11.231952,7.57509,13.625557,12.247769,10.535626,9.700382,8.960288,11.021492,12.15252,13.427629,9.946401,9.255631,8.290446,12.36499,10.179212,11.019245,9.597594,LUAD,Tumor
GSM1854976,10.555809,7.836182,13.725847,12.671404,11.454159,9.953388,8.985692,11.012239,12.963815,13.104013,10.636721,7.439424,9.740387,12.364787,11.128045,10.412299,10.097275,LUAD,Tumor
GSM1854977,9.681936,7.874949,13.716826,12.741099,10.432853,10.667633,8.628138,10.724164,12.488351,13.413155,10.135204,7.205908,9.497869,11.667811,10.245853,10.357682,9.381693,LUAD,Tumor
GSM1854978,10.292339,7.824561,13.823168,12.911903,10.584267,10.63425,10.00099,11.276777,12.001401,13.035647,10.591788,9.953496,11.666798,11.819176,10.770586,12.153336,10.863005,LUAD,Tumor
GSM1854979,9.903158,6.507373,13.840575,12.798144,10.262378,10.827234,8.941415,11.234914,12.734826,13.492664,9.692028,7.559328,8.563838,11.792447,10.342168,10.981613,9.642939,LUAD,Tumor
GSM1854980,9.545638,7.841964,13.659792,12.713019,10.962574,10.962852,9.268915,10.624511,12.164572,13.184436,10.241077,8.274564,11.056019,11.731869,9.730441,12.246525,10.366849,LUAD,Tumor
GSM1854981,7.831253,6.843403,13.431646,12.274998,10.599645,10.117382,8.865905,9.555163,10.889285,13.083461,9.444197,7.449668,7.198035,11.361938,8.909743,9.606956,8.714532,LUAD,Tumor
GSM1854982,9.734261,8.445132,13.638045,12.853742,11.078701,10.234386,9.272176,10.210436,12.223709,13.23737,10.726644,8.86426,10.058244,11.835632,10.194434,11.817284,10.460111,LUAD,Tumor
GSM1854983,9.362334,6.475934,13.705904,11.570567,10.368993,9.318622,9.15958,9.9941,10.978547,13.427228,10.255661,10.188159,9.747376,12.053411,8.904524,11.898312,10.293649,LUAD,Tumor
GSM1854984,9.541825,6.866601,13.676201,12.240008,10.549765,10.594284,9.405733,10.359845,11.868941,13.320239,10.138375,7.623789,9.233173,11.539325,8.863458,11.552285,9.923543,LUAD,Tumor
GSM1854985,10.371236,7.983708,13.693115,13.036924,10.884223,10.197383,8.895129,10.52861,12.910327,13.277105,10.2372,8.505887,11.425064,11.389428,9.668332,12.238661,10.541026,LUAD,Tumor
GSM1854986,9.753844,7.283936,13.759185,12.772396,10.558673,10.506072,9.146765,10.786951,12.332989,13.340292,10.251422,7.530284,9.557942,11.828477,10.077812,10.061175,10.296683,LUAD,Tumor
GSM1854987,8.843709,6.184261,13.552561,12.682493,10.521351,10.399872,8.846091,11.570845,12.456979,13.226026,10.01747,7.155727,8.867373,11.734907,8.675058,10.707876,9.356749,LUAD,Tumor
GSM1854988,10.981762,6.125906,13.720051,12.771263,10.509514,10.809492,9.189941,11.236927,12.905679,13.143219,10.091368,6.280975,7.948931,11.916002,10.480773,10.831103,9.408054,LUAD,Tumor
GSM1854989,10.061221,6.362427,13.853122,12.458584,10.133259,9.672601,8.532102,10.867769,12.610648,13.472796,9.990041,8.630619,7.545534,11.828586,9.855052,11.321021,9.735939,LUAD,Tumor
GSM1854990,10.415305,6.509622,13.712899,12.654363,10.563698,10.463916,9.323391,10.066428,12.995192,13.426791,10.212107,8.35939,10.237131,11.811937,9.223185,11.02254,10.083549,LUAD,Tumor
GSM1854991,10.84029,9.044173,13.716,12.572239,10.892829,10.875876,10.0394,11.265811,12.432988,13.374026,10.073088,9.300654,10.642913,12.04746,10.712183,12.021103,10.608894,LUAD,Tumor
GSM1854992,10.545891,6.999401,13.557528,12.16512,9.928434,10.262984,9.239271,9.557682,11.345853,12.956475,10.342215,7.368042,8.211175,11.371686,9.762822,10.225771,9.393434,LUAD,Tumor
GSM1854993,7.57962,6.608243,13.6132,11.477787,10.785113,9.147634,8.723231,9.81553,11.202573,13.219174,9.13113,9.264331,9.510023,12.197224,8.549522,10.00794,10.134996,LUAD,Tumor
GSM1854994,10.283557,7.300314,13.805324,12.944849,10.420454,10.41009,8.809027,11.494636,12.304074,13.358385,10.139478,6.1214,8.553996,11.698379,10.843577,10.675381,9.810234,LUAD,Tumor
GSM1854995,9.341934,7.322535,13.528699,12.579032,10.240857,9.579033,8.716118,10.593527,11.818345,13.144058,9.812189,9.591895,8.091581,12.217517,9.207736,11.114469,9.565041,LUAD,Tumor
GSM1854996,8.692881,6.88211,13.711734,12.634228,10.348694,10.000522,8.8264,10.499111,12.08312,13.318141,10.024804,7.316616,8.429601,11.911563,9.753193,10.213729,10.983317,LUAD,Tumor
GSM1854997,8.744033,5.926132,13.738504,12.7351,9.982824,9.261843,8.74596,10.498332,11.642391,13.300028,10.307891,9.552517,10.571637,12.039812,9.485177,11.114061,9.160432,LUAD,Tumor
GSM1854998,8.789773,7.964438,13.759471,12.387922,10.259011,10.115429,9.640763,10.9024,11.84292,13.334435,10.337174,8.94932,11.367821,11.862877,10.580579,12.219019,10.161586,LUAD,Tumor
GSM1854999,10.600258,8.351237,13.689495,13.020267,10.526199,10.269507,9.404126,10.976554,12.634503,13.200839,10.391747,7.730526,8.480546,12.021531,10.370754,11.516965,9.869338,LUAD,Tumor
GSM1855000,10.139161,6.79484,13.54697,11.919953,11.475158,10.170744,8.565229,9.608702,11.780561,13.189397,9.635063,6.771807,7.343061,11.756952,8.991593,10.590395,8.385588,LUAD,Tumor
GSM1855001,10.481726,7.775133,13.703259,11.646746,10.708971,10.593278,9.48871,10.505185,12.144394,13.216879,9.398871,10.724415,11.675589,12.036538,10.702706,12.063993,10.919123,LUAD,Tumor
GSM1855002,6.650835,6.170312,13.564637,12.679863,10.137622,10.435839,10.172405,9.896959,12.872228,13.228864,9.984494,6.739106,7.391756,12.232671,6.71194,11.957798,6.944038,LUAD,Tumor
GSM1855003,9.959961,8.651891,13.646883,12.979955,10.140026,10.795566,10.130212,10.487187,12.37968,13.106635,10.31873,10.561278,12.422329,11.820975,10.072086,12.284426,10.740691,LUAD,Tumor
GSM1855004,9.402173,7.808909,13.701946,12.822413,10.328626,10.58954,9.616281,11.236074,11.938619,13.117758,10.532502,9.680396,11.049215,12.108404,10.008558,11.415005,10.782349,LUAD,Tumor
GSM1855005,10.50846,8.530107,13.847572,13.00758,10.561674,10.907002,9.759055,11.929819,12.597017,12.863681,10.681463,7.158302,9.460702,11.701587,10.936173,11.484257,9.805989,LUAD,Tumor
GSM1855006,8.989783,7.158135,13.677015,12.988188,10.40035,9.935311,9.273486,10.227864,11.918498,13.380418,10.332299,6.327393,7.797621,11.87933,9.090953,10.69165,9.072669,LUAD,Tumor
GSM1855007,9.757923,8.29684,13.61622,12.94502,10.504401,10.242657,9.446298,10.254779,11.739888,13.116856,11.006523,8.020587,9.340168,12.303726,9.44568,11.737125,9.357792,LUAD,Tumor
GSM1855008,10.902069,6.976274,13.788814,12.730366,10.401247,10.676888,10.430021,11.023928,12.877376,13.233057,10.276405,8.068675,9.184416,12.127548,11.314386,12.188032,9.568928,LUAD,Tumor
GSM1855009,9.121011,6.849478,13.538747,11.632735,10.532113,9.806219,8.609055,10.585396,11.853071,13.099833,9.675401,6.320432,7.911504,11.703437,8.877783,9.989208,7.738253,LUAD,Tumor
GSM1855010,10.470143,8.929268,13.793918,12.829228,9.842904,10.501051,11.042035,11.777625,12.659473,13.081829,10.448286,10.71902,11.805111,12.110776,11.033908,12.559049,10.867912,LUAD,Tumor
GSM1855011,10.211442,8.213575,13.641401,12.66773,10.192861,10.292442,9.657766,10.855044,12.35724,13.277597,10.1215,7.707501,8.868177,11.767147,9.337727,10.85505,9.072508,LUAD,Tumor
GSM1855012,8.936172,7.395846,13.551865,12.233586,10.73817,9.424013,9.148553,10.564313,11.921817,12.889294,10.589384,5.662608,6.904251,11.901551,8.462174,10.134156,8.643246,LUAD,Tumor
GSM1855013,10.770109,7.015447,13.768782,12.40907,9.868758,9.813911,9.992815,11.165463,12.429707,13.051044,9.766399,8.176371,9.078176,12.14802,10.356942,11.407544,9.515802,LUAD,Tumor
GSM1855014,10.134124,7.704331,13.693744,12.429509,10.067027,10.244558,9.739915,10.896221,11.931763,13.019195,10.150268,7.525897,7.61588,11.864364,9.384442,11.334991,8.597113,LUAD,Tumor
GSM1855015,8.91355,6.760033,13.550254,12.727777,10.7898,10.618813,8.709002,9.658952,12.440598,13.193208,10.01025,8.71327,10.903862,12.081221,9.19005,11.961151,9.517556,LUAD,Tumor
GSM1855016,9.891055,8.230606,13.703244,12.526009,10.16974,10.134408,9.575311,11.821783,12.45981,12.993823,9.622366,7.778607,9.617802,11.650442,9.933913,11.244537,9.310573,LUAD,Tumor
GSM1855017,7.164234,9.60404,13.422493,11.130445,11.904164,11.728171,9.188407,9.401839,8.815241,13.062735,8.156882,9.724616,10.334566,11.625176,8.051541,9.940957,9.694398,LUAD,Tumor
GSM1855018,9.11249,7.19008,13.642989,12.82341,10.241715,10.306784,9.790861,11.194172,11.825291,12.689318,10.714236,6.003398,8.730868,11.559011,9.347454,11.083207,8.995128,LUAD,Tumor
GSM1855019,9.3105,8.385866,13.667101,12.469311,10.474101,10.337513,9.846234,10.260526,11.952348,13.056111,10.319762,9.220598,11.646373,11.776445,9.88274,11.734197,10.943564,LUAD,Tumor
GSM1855020,8.847401,6.588186,13.679134,12.342069,11.021609,9.23741,8.907501,11.1765,11.456043,12.800386,9.640968,6.336145,6.832733,11.581995,9.354878,9.543166,9.511423,LUAD,Tumor
GSM1855021,9.466976,7.207443,13.686757,12.565534,10.554993,10.478746,9.155912,10.553617,12.471703,13.090798,10.241109,6.466395,8.120232,11.756345,9.408046,9.88929,8.786287,LUAD,Tumor
GSM1855022,9.880819,7.818164,13.716815,12.751226,10.419271,9.909106,9.40106,10.916408,12.115901,12.991295,10.443452,8.812261,10.641617,12.066755,10.256771,10.966963,9.903768,LUAD,Tumor
GSM1855023,10.272392,7.124768,13.614496,11.59052,10.851893,10.690392,9.117557,11.471566,11.130624,13.072547,9.274544,4.680415,6.449258,11.863984,8.386018,9.723187,7.999177,LUAD,Tumor
GSM1855024,10.149804,7.618609,13.750782,12.814815,10.251196,10.329049,9.180627,11.094365,12.299254,13.065597,10.325548,8.211524,9.056105,12.234153,9.384671,10.630239,9.003543,LUAD,Tumor
GSM1855025,10.973684,7.648382,13.682422,12.847668,10.260346,10.517945,10.25015,10.185303,12.231698,12.867359,10.503975,8.298465,9.872608,12.056966,10.62106,11.259786,8.135988,LUAD,Tumor
GSM1855026,10.710894,8.289561,13.704071,13.069689,10.777139,10.797492,9.519465,10.514251,12.401639,12.788782,10.552813,8.5493,8.581535,11.866413,10.922635,10.81554,8.646476,LUAD,Tumor
GSM1855027,9.420167,7.287745,13.672901,12.34111,10.98107,10.705635,9.97009,10.878741,11.938241,13.150864,10.238621,9.486632,11.925691,12.235693,10.136207,11.860009,10.905814,LUAD,Tumor
GSM1855028,8.733805,7.810676,13.515115,11.250637,10.79548,9.88268,9.157764,10.25569,11.457491,13.098559,10.107775,8.663007,8.255007,12.092225,9.905641,11.195555,7.510641,LUAD,Tumor
GSM1855029,8.96681,6.779832,13.714567,12.464196,11.07857,9.701896,8.980438,10.693064,11.56233,12.765256,9.832785,5.841441,7.356563,12.201167,8.788646,9.666004,7.895573,LUAD,Tumor
GSM1855030,9.47171,7.047724,13.727164,12.828197,10.561242,10.267821,9.612655,10.705032,11.97582,12.877883,10.066135,6.127521,7.981152,11.281938,9.744551,11.030688,9.199573,LUAD,Tumor
GSM1855031,10.475212,8.878307,13.815901,12.896536,10.740734,10.684986,9.798245,10.852078,12.447233,12.850648,10.487751,8.601533,10.808428,11.14288,10.934773,11.523535,10.497326,LUAD,Tumor
GSM1855032,8.760266,7.337858,13.83402,12.797747,10.546731,10.212872,9.241012,11.253887,12.015341,12.78589,10.451078,6.552163,8.74902,11.473044,9.502633,10.720111,9.801889,LUAD,Tumor
GSM1855033,9.222679,6.850153,13.699736,12.920246,10.897233,10.861513,8.688582,9.438071,11.929323,12.744326,9.405369,7.919511,7.281319,11.697293,9.314765,10.005954,8.606667,LUAD,Tumor
GSM1855034,8.389698,5.599159,13.705754,12.324198,10.317059,10.334811,8.785158,10.971354,11.88417,13.047002,9.81846,5.995239,8.251033,11.162158,9.14269,10.71238,9.518752,LUAD,Tumor
GSM1855035,9.677382,7.748438,13.67937,13.104926,10.676016,10.993438,9.915257,11.196041,12.433715,12.870646,10.454917,7.40766,8.15737,11.999474,10.674256,11.431551,9.405809,LUAD,Tumor
GSM1855036,10.940006,7.487256,13.805825,12.725017,10.074896,11.051477,9.79362,10.78888,12.527425,13.059205,10.116103,10.462447,9.284597,12.121262,10.076053,11.97021,10.85533,LUAD,Tumor
GSM1855037,9.544122,5.786269,13.567489,11.398282,10.93053,11.063954,8.678119,10.533491,11.658832,13.214326,9.410169,7.393534,7.70049,12.11963,9.756779,10.859527,9.317056,LUAD,Tumor
GSM1855038,9.964051,6.261057,13.587311,11.920371,9.984858,9.965169,8.759514,10.506654,11.507495,12.810343,9.494692,6.40397,8.693564,11.247321,9.686577,10.100049,8.928102,LUAD,Tumor
GSM1855039,10.927671,8.154157,13.735019,13.024864,10.698807,10.502427,10.096145,9.997962,12.619181,13.056977,10.352248,8.554293,9.344136,11.443241,10.265857,12.134312,9.750594,LUAD,Tumor
GSM1855040,9.471024,8.222941,13.801018,12.478782,11.024575,10.722551,9.841241,10.112347,12.011899,12.792918,10.153586,9.611629,10.10407,12.28019,9.624767,11.843757,8.987893,LUAD,Tumor
GSM1855041,10.365862,6.42044,13.730222,12.790221,10.887213,10.958286,8.955589,11.194596,12.327322,13.231547,10.478572,7.592477,9.203723,11.663563,10.906217,10.831338,9.989202,LUAD,Tumor
GSM1855042,9.735152,7.063807,13.763222,12.499047,10.845744,10.238265,9.030615,10.060996,12.274867,13.349686,9.561253,6.861737,8.573036,11.323403,9.596458,10.358197,9.718131,LUAD,Tumor
GSM1855043,8.699995,6.897291,13.801841,11.614941,10.957711,11.399249,8.897688,10.458627,12.129052,13.191113,9.365369,8.673993,8.663114,12.197781,10.402053,10.837288,9.100769,LUAD,Tumor
GSM1855044,8.695455,6.702159,13.6415,12.611631,10.345521,9.404708,8.857593,10.86416,12.304212,13.219429,10.519823,7.27922,7.374827,11.461029,8.775767,11.269138,9.245888,LUAD,Tumor
GSM1855045,9.237324,5.848272,13.784293,12.24363,10.664667,9.805655,8.688361,10.638207,12.764212,13.060709,9.765399,6.659592,7.551043,11.630269,8.901741,10.94925,9.819645,LUAD,Tumor
GSM1855046,8.765627,6.696408,13.699538,12.419595,10.022974,9.571749,9.723082,10.55044,11.828951,13.20831,10.04055,11.277494,11.567365,11.945967,8.96809,12.417581,10.642494,LUAD,Tumor
GSM1855047,10.694472,7.539227,13.743828,12.645024,11.034741,10.231241,8.946696,10.361889,12.508303,13.015131,9.921081,6.955764,7.613614,11.834168,10.1342,11.333766,9.361825,LUAD,Tumor
GSM1855048,4.768761,5.688685,13.284815,10.712159,9.823341,7.505659,8.998231,10.22412,9.40043,13.231223,9.658551,10.12825,11.607944,12.674822,6.356428,11.601885,10.88591,LUAD,Tumor
GSM1855049,10.513797,7.696771,13.713328,12.934791,11.082865,10.269075,9.067768,9.79623,12.60703,12.933886,9.969477,7.568398,9.636483,11.492468,9.752421,10.635093,10.459273,LUAD,Tumor
GSM1855050,9.333781,7.764677,13.719235,12.433491,10.864121,10.311751,9.263073,10.237322,12.071825,12.991934,10.162914,7.875759,7.935995,11.501272,9.540744,11.113692,9.903852,LUAD,Tumor
GSM1855051,9.537322,6.717217,13.814925,12.153905,9.984518,10.090755,9.496298,10.710956,12.339993,13.262015,9.681372,9.553147,11.009597,11.538681,9.375521,11.819059,10.411109,LUAD,Tumor
GSM1855052,10.670138,7.606784,13.895745,12.95841,10.080006,10.619517,9.692097,11.387922,12.591337,13.03658,10.462374,8.565921,11.220784,11.404596,11.118926,11.198408,10.846464,LUAD,Tumor
GSM1855053,9.622674,7.639215,13.78596,12.003424,10.490927,10.806546,9.255566,10.836225,12.536596,13.259199,9.536131,9.109944,10.802808,11.905005,9.48243,12.021046,10.821145,LUAD,Tumor
GSM1855054,9.334391,6.415743,13.648069,12.273131,9.797702,10.669937,8.665013,10.135037,12.504424,13.244014,10.094518,7.231159,9.016365,12.192736,8.739887,10.612311,9.864191,LUAD,Tumor
GSM1855055,10.143949,7.729385,13.773404,12.905671,10.692239,11.047677,9.517057,10.732152,12.656331,13.187952,10.178945,8.064574,9.698637,11.928684,10.969574,11.820368,9.922077,LUAD,Tumor
GSM1855056,6.443548,5.755472,13.481716,11.710795,9.813435,10.094128,8.950964,9.996464,10.212927,13.096067,10.428571,7.612951,6.671946,12.072973,6.534193,11.137531,10.035984,LUAD,Tumor
GSM1855057,8.395147,6.391297,13.781553,12.555392,10.486275,10.443998,8.891951,10.491642,12.173738,13.197486,9.685743,6.740782,8.865483,11.321298,10.39718,11.229726,9.405621,LUAD,Tumor
GSM1855058,9.645263,7.4834,13.77599,12.426099,10.080511,10.429435,9.516273,11.07527,12.153976,13.067089,10.282516,10.005555,11.274346,12.401611,10.313131,11.460914,10.547504,LUAD,Tumor
GSM1855059,8.88425,6.702363,13.700433,12.66863,10.576611,10.305482,9.439256,10.89658,12.017078,13.191458,10.079649,7.681615,10.318718,11.853067,9.175359,11.885288,9.903215,LUAD,Tumor
GSM1855060,10.430263,7.303481,13.749153,11.703822,11.124972,10.849811,9.952313,10.244922,11.838606,13.003426,9.415026,9.860265,10.81738,11.492206,10.308555,11.976201,9.956006,LUAD,Tumor
GSM1855061,9.303137,6.897623,13.649037,12.843337,10.059623,10.498711,8.960208,10.799208,11.890962,13.286464,9.539161,6.936345,7.729897,11.837601,9.560585,10.589972,9.440168,LUAD,Tumor
GSM1855062,11.32766,7.407121,13.746239,12.127406,11.492219,10.20119,9.196159,10.681434,12.155535,12.944848,10.145574,7.456583,9.62897,12.215521,10.436311,11.017051,9.558939,LUAD,Tumor
GSM1855063,9.540352,6.545895,13.762492,12.163666,9.878856,10.42787,9.081065,10.380593,12.043379,13.339176,9.849824,8.189279,7.40313,12.085609,9.299453,10.909177,9.838149,LUAD,Tumor
GSM1855064,11.041983,8.219606,13.759795,12.214115,10.479434,10.947368,9.96176,10.917116,12.459284,12.976194,10.428106,10.691303,12.35499,11.717481,10.979043,12.139173,11.593099,LUAD,Tumor
GSM1855065,9.316305,7.084608,13.771953,12.226883,10.126456,10.242858,9.719671,10.444444,12.226062,13.222336,9.35445,9.689716,11.012055,12.164557,10.312558,11.81966,9.605682,LUAD,Tumor
GSM1855066,9.2572,6.656082,13.7083,12.589449,10.546368,10.150508,9.812312,10.185567,11.763201,13.13699,9.925213,9.113316,9.409971,11.981414,9.582103,12.433747,10.527382,LUAD,Tumor
GSM1855067,9.832594,5.92014,13.63745,12.486181,9.694883,10.68516,9.405029,10.575651,12.645829,13.086195,9.663632,8.543599,8.481375,11.953738,9.349278,11.583187,8.747794,LUAD,Tumor
GSM1855068,12.255169,6.603641,13.872894,12.637581,10.669869,10.882969,9.659527,11.03953,12.408338,12.952747,10.039059,5.031553,8.094185,11.236081,10.253669,11.104843,9.215276,LUAD,Tumor
GSM1855069,9.542423,6.786422,13.713907,12.173176,9.938332,9.753365,9.034504,10.466147,11.858116,13.123484,9.084192,9.010063,8.917652,12.093785,9.434053,11.190574,9.721136,LUAD,Tumor
GSM1855070,9.7175,7.385082,13.773528,12.684121,10.480431,10.768024,9.088929,10.412973,12.351837,13.295559,10.454968,8.15148,9.744064,11.700358,9.702027,10.812473,9.802485,LUAD,Tumor
GSM1855071,10.476806,6.907048,13.770369,12.941803,10.429661,10.899878,9.48006,10.852965,12.821528,13.192358,9.903758,6.974111,7.80271,11.914515,10.856743,11.074181,9.248024,LUAD,Tumor
GSM1855072,10.048292,7.885559,13.648725,12.659322,10.180194,10.830024,10.115219,10.37144,12.359624,12.998934,10.394946,8.922417,10.85661,11.619807,9.896042,12.135997,9.724529,LUAD,Tumor
GSM1855073,9.300312,8.322043,13.583249,12.427948,10.255554,10.24791,9.355097,10.715532,11.840348,13.039911,10.272998,9.212266,11.35882,10.962155,9.922757,11.108857,10.050551,LUAD,Tumor
GSM1855074,8.582847,6.348274,13.658717,11.403191,9.331045,9.407221,9.00171,10.167987,11.806385,13.146358,10.618981,9.232161,9.600791,11.972899,9.365914,12.029777,8.237335,LUAD,Tumor
GSM1855075,9.164052,5.913931,13.789239,12.163006,10.347212,10.377948,9.199104,10.789776,11.844946,13.149038,9.918607,6.981396,8.278836,11.457563,8.804564,10.369858,9.453103,LUAD,Tumor
GSM1855076,9.785568,8.313643,13.638127,12.951937,11.034952,10.841982,9.941407,10.6516,12.242648,12.91312,10.628451,9.540644,11.409578,11.701261,10.330738,12.271153,10.729761,LUAD,Tumor
GSM1855077,9.265297,6.180307,13.749597,12.524374,10.294699,10.300257,9.733625,10.441652,11.434966,13.059118,10.468109,9.630833,9.913544,12.179275,9.803348,12.029134,9.337478,LUAD,Tumor
GSM1855078,10.271224,7.414537,13.733303,12.118026,11.100365,10.292761,8.915944,11.705169,11.797733,12.824531,10.292922,7.137893,8.634884,11.975901,10.231587,10.290345,8.122623,LUAD,Tumor
GSM1855079,10.363721,7.304301,13.73623,12.765424,10.768469,9.792982,9.384598,10.79165,11.860216,13.154072,10.377825,7.008531,8.224782,11.235455,9.873817,10.920278,9.296007,LUAD,Tumor
GSM1855080,10.405617,7.779515,13.750295,12.61729,10.890177,10.292364,9.565485,10.333064,12.067544,13.147876,10.082106,7.864134,10.417899,11.631394,10.360998,11.805024,10.171186,LUAD,Tumor
GSM1855081,8.75247,7.771595,13.784278,12.415372,10.867212,9.867801,8.97434,11.173726,12.137525,13.179493,10.106102,6.885901,8.674461,11.853701,9.498119,10.487005,10.067724,LUAD,Tumor
GSM1855082,10.73188,8.871645,13.677149,12.722822,10.932503,10.925801,10.121278,11.258279,12.714179,13.007814,10.5885,10.172613,12.081304,12.325243,10.745177,12.342445,10.617707,LUAD,Tumor
GSM1855083,9.406694,6.887668,13.592466,10.933032,10.555845,10.683001,8.838612,9.952613,10.592928,13.002771,9.189897,7.302728,7.584588,12.578864,9.330459,10.036172,7.778378,LUAD,Tumor
GSM1855084,7.780592,7.963547,13.788782,12.538793,10.562599,10.0211,9.639945,10.309784,11.42277,13.38132,10.71582,10.612026,11.525155,12.487904,8.077556,12.828162,9.688202,LUAD,Tumor
GSM1855085,9.580653,6.731149,13.549626,12.555064,10.035965,10.046334,9.9747,10.456776,9.774355,13.261691,10.436143,8.789377,10.029035,12.366864,6.807192,11.644947,9.091794,LUAD,Tumor
GSM1855086,8.587663,9.366045,13.666424,12.899739,11.348052,10.44358,10.338888,10.561683,11.719856,13.00517,10.979105,9.43285,11.409767,12.188355,9.547003,12.775252,10.807333,LUAD,Tumor
GSM1855087,9.9461,8.110849,13.602702,12.79902,11.027154,10.643383,9.876609,10.064362,12.678543,12.933693,10.437857,9.11119,7.518076,12.21454,10.017109,12.322693,8.848272,LUAD,Tumor
GSM1855088,8.027152,6.918935,13.731461,12.64753,11.002962,9.283857,8.821985,9.900402,11.281786,13.090289,10.688119,9.027247,9.695844,12.343669,7.852376,12.021792,9.809122,LUAD,Tumor
GSM1855089,9.484524,7.739952,13.566898,12.595572,11.080439,10.751391,10.524152,10.510074,12.760111,13.050195,10.750515,8.740258,10.879609,12.012142,9.333705,11.954646,9.364241,LUAD,Tumor
GSM1855090,6.167587,5.955782,13.549064,12.102102,11.289307,9.996409,8.712664,10.074009,10.080294,13.149863,10.60238,7.073429,8.630429,11.836226,6.948793,11.147223,9.020951,LUAD,Tumor
GSM1855091,10.830134,7.019663,13.716924,12.865993,10.39917,10.304727,10.085075,11.059342,12.682136,12.969736,10.394746,8.46692,9.343603,12.28709,10.704109,11.772005,10.397457,LUAD,Tumor
GSM1855092,10.219582,8.120292,13.705574,13.033744,10.016466,10.354387,9.688709,11.056433,11.894388,12.991439,11.037273,8.2039,12.166637,11.814861,10.459353,12.484013,10.447631,LUAD,Tumor
GSM1855093,10.823487,7.862956,13.689536,12.818207,9.727159,10.726518,9.621102,11.43803,12.307694,12.945861,10.524044,8.055064,10.278446,12.114787,10.202234,11.74061,9.7031,LUAD,Tumor
GSM1855094,8.737664,5.953528,13.679774,12.121723,11.039613,8.414088,8.07333,11.2819,10.797092,13.476367,8.762894,6.052472,6.634521,10.955618,8.149767,9.67982,8.961834,LUAD,Tumor
GSM1855095,9.573862,7.563398,13.614308,11.969939,10.979455,9.104329,8.9414,11.344028,10.981317,13.067159,10.224039,7.620448,7.297958,12.175295,8.394247,10.323025,8.877572,LUAD,Tumor
GSM1855096,9.011004,7.701694,13.549083,12.324171,10.713941,11.727003,8.603636,10.416331,12.055641,13.401314,8.792486,7.104142,7.968763,12.191231,10.407546,10.383883,9.051334,LUAD,Tumor
GSM1855097,9.166122,6.691534,13.706342,12.291378,10.318432,9.841256,8.669049,10.789249,12.003345,13.262055,9.677778,6.32151,7.837902,12.145717,9.551213,10.467624,8.283027,LUAD,Tumor
GSM1855098,10.831843,9.194916,13.719038,13.203915,10.583215,10.03341,9.488359,10.849102,12.365459,13.31572,10.714829,9.00076,10.499852,11.490769,10.34154,12.826111,11.183315,LUAD,Tumor
GSM1855099,8.204413,5.816946,13.792766,12.002563,9.325386,8.563292,8.545055,10.376561,11.508555,13.368862,10.563941,10.225362,9.557724,12.123388,9.269218,11.572388,8.611766,LUAD,Tumor
GSM1855100,8.957013,7.098117,13.741066,12.035993,9.710383,9.612695,9.041911,9.845259,11.466409,13.252279,9.880521,9.523485,10.733806,12.128478,8.598771,11.016697,9.412777,LUAD,Tumor
GSM1855101,8.465312,6.573479,13.42893,12.378873,10.371213,9.376827,9.174693,10.261841,10.901739,13.24094,9.648172,7.070874,8.053863,11.026563,7.98694,10.529865,9.043327,LUAD,Tumor
GSM1855102,9.875918,7.830748,13.658541,12.798811,10.903748,10.229707,8.787127,10.481383,12.542021,12.887458,10.598609,5.830682,7.523566,11.731493,10.420378,10.422021,9.320047,LUAD,Tumor
GSM1855103,9.596846,6.240584,13.62833,11.583185,11.069155,11.651567,8.719567,10.209117,11.584943,12.95647,8.751548,5.972952,6.598865,11.982745,10.272996,8.899806,9.425939,LUAD,Tumor
GSM1855104,7.609402,6.68781,13.386674,12.555113,11.86602,11.018647,8.783412,9.406731,13.012002,13.163639,9.755306,7.976336,7.743974,12.050115,7.930822,11.653173,9.379735,LUAD,Tumor
GSM1855105,10.202245,7.330295,13.745091,12.896895,10.034984,10.470995,9.162284,11.702417,12.081581,12.938128,10.607708,7.741872,10.934356,12.086475,10.797334,10.848321,10.400409,LUAD,Tumor
GSM1855106,10.155862,7.267356,13.705807,12.822563,10.147935,10.272894,9.287712,10.862081,12.324056,12.992715,9.856874,7.843514,9.21407,11.465533,10.804195,10.411967,9.129967,LUAD,Tumor
GSM1855107,10.744454,8.974775,13.71805,12.678163,10.866206,10.846471,10.005113,10.606572,12.461727,12.930331,10.604073,10.092457,12.050773,11.7609,10.771733,12.330232,11.155124,LUAD,Tumor
GSM1855108,9.405637,6.563693,13.422055,11.76455,9.941057,10.602213,8.648774,9.79857,11.223277,12.991178,9.379277,10.135684,9.345658,11.198611,9.722841,10.899041,9.706886,LUAD,Tumor
GSM1855109,9.890508,8.277335,13.656266,12.230422,11.211932,9.826515,8.59238,10.591526,12.018396,12.696087,10.266225,6.263999,7.590275,12.339489,10.570312,9.756165,8.805176,LUAD,Tumor
GSM1855110,10.211039,8.050604,13.661357,12.660851,10.582673,10.267965,8.927982,10.67813,12.421449,12.911467,10.298402,7.23733,9.829214,11.7332,10.56688,10.704542,10.797379,LUAD,Tumor
GSM1855111,8.787564,5.871191,13.666609,12.354885,10.628902,8.862042,8.795147,11.146403,11.279084,13.327381,10.728495,7.453855,8.601166,11.987447,9.219746,10.409897,8.784117,LUAD,Tumor
GSM1855112,10.275133,8.598308,13.693655,12.735985,10.303525,10.253042,9.718885,10.31371,12.097885,12.987294,9.972972,8.299918,8.084009,11.409919,9.616544,11.952629,9.843602,LUAD,Tumor
GSM1855113,9.981597,7.526636,13.586304,12.628124,10.024053,10.793304,9.2195,10.575059,12.588844,13.095525,9.973753,10.094073,12.046621,12.234885,9.383999,12.353348,10.141403,LUAD,Tumor
GSM1855114,9.383595,6.990701,13.594603,12.535067,9.918813,10.024933,8.870225,10.850296,12.077689,12.940651,9.837102,8.34141,7.905229,11.734172,9.782075,10.115685,8.569112,LUAD,Tumor
GSM1855115,10.921019,7.067125,13.833895,12.225954,10.836187,10.707156,9.212071,10.803905,12.700202,13.244117,10.107119,4.364023,8.339199,11.361217,10.798223,11.0104,9.281602,LUAD,Tumor
GSM1855116,8.428737,5.78547,13.588098,11.359683,10.717578,9.413697,8.642859,9.140785,9.427065,13.032506,9.556709,9.097636,7.97595,11.569429,7.630289,10.218195,9.566857,LUAD,Tumor
GSM1855117,8.638037,6.710661,13.654111,11.802301,10.419935,9.140988,8.920885,9.168649,10.861701,12.773666,10.227614,8.760625,8.812083,12.24761,8.592528,11.392533,9.015395,LUAD,Tumor
GSM1855118,8.464491,8.011372,13.570504,11.888018,10.425513,9.925096,8.949397,10.253084,11.28806,13.165335,9.218584,10.744677,10.723529,11.926546,9.818228,11.425492,9.578689,LUAD,Tumor
GSM1855119,8.319856,5.355288,13.421638,12.091661,9.39063,9.685129,8.715112,9.75608,11.540735,13.11344,9.71825,7.283595,7.595301,11.301422,9.887577,11.431605,9.291437,LUAD,Tumor
GSM1855120,12.068945,7.340757,13.633451,12.371613,10.896468,10.096162,9.299121,10.440406,12.31866,13.364199,10.125467,7.461426,9.520451,12.040937,10.710523,10.614536,9.510221,LUAD,Tumor
GSM1855121,9.349968,7.292741,13.633694,12.727649,10.254039,10.298334,9.640214,10.769876,11.990887,12.838936,10.169681,8.050831,9.003068,12.005628,9.520037,11.449401,9.721432,LUAD,Tumor
GSM1855122,7.584528,6.378911,13.199264,12.219791,11.721452,9.807079,8.694023,9.602593,9.680389,13.143919,10.667608,8.672371,7.438646,11.885992,7.221622,10.885934,9.296563,LUAD,Tumor
GSM1855123,9.658305,7.812694,13.586189,12.843566,10.56614,10.611753,9.125923,10.223026,12.581127,12.981136,10.349846,7.213818,8.472948,11.605318,9.122662,11.295036,9.229165,LUAD,Tumor
GSM1855124,10.233417,5.735622,13.659428,11.834881,10.720185,10.17395,9.009537,10.981641,11.690412,12.914521,9.691226,7.323712,9.054422,12.055224,9.795004,10.166162,8.58341,LUAD,Tumor
GSM1855125,10.18841,7.995764,13.741111,12.14211,10.833057,10.699555,10.06732,9.947674,11.865138,13.230601,9.988914,9.755311,9.555784,11.607367,9.682935,12.144943,9.998538,LUAD,Tumor
GSM1855126,7.805116,5.611359,13.765802,11.356511,10.558992,8.84139,9.84176,10.010369,12.012574,13.414269,10.04439,10.12408,7.927088,12.202085,9.13065,11.858083,10.126909,LUAD,Tumor
GSM1855127,10.01944,8.087869,13.727137,12.754547,10.741051,10.894231,9.90991,10.954238,12.527782,12.975151,10.422225,10.235065,12.324832,11.764428,10.240109,12.053016,12.126779,LUAD,Tumor
GSM1855128,11.339702,7.451504,13.762491,12.590838,11.106349,10.451348,8.82482,10.104045,12.781215,12.692329,9.831713,7.24828,8.050987,11.116406,11.058519,11.384606,9.754654,LUAD,Tumor
GSM1855129,9.731104,7.778698,13.730275,12.654513,10.612384,10.440194,9.391583,10.951636,12.399394,13.169004,9.881729,7.753893,10.162553,11.601963,9.739111,12.053252,9.961163,LUAD,Tumor
GSM1855130,9.51553,6.956222,13.572475,11.695551,9.989136,10.368793,9.974391,9.864691,11.389139,13.17176,9.662129,10.517926,10.306923,11.879033,8.944975,12.246353,9.852284,LUAD,Tumor
GSM1855131,8.242009,7.178851,13.528625,11.961691,9.978692,9.802146,9.031397,9.922835,11.959842,13.267048,10.07943,8.998987,11.144876,11.81412,9.103007,10.902549,9.914243,LUAD,Tumor
GSM1855132,11.647247,8.359682,13.724122,12.579768,10.646551,10.777898,9.619731,10.755208,12.4089,13.345955,10.354784,8.965022,10.571119,11.98984,9.822126,12.283743,10.520845,LUAD,Tumor
GSM1855133,10.140728,7.322208,13.715906,13.024736,10.331213,10.589882,9.372397,10.189746,12.658488,13.343923,10.054885,9.204664,8.941875,11.719426,9.122436,11.719105,10.159596,LUAD,Tumor
GSM1855134,11.392994,6.968365,13.818301,12.731876,10.525266,10.978847,9.174483,11.819014,12.591134,13.307113,10.037204,8.655836,9.769247,11.525565,11.378939,11.908777,9.835906,LUAD,Tumor
GSM1855135,9.219847,7.306801,13.651201,12.214215,10.751719,9.818369,8.937374,10.246374,12.062502,12.626658,9.42951,8.026888,8.248459,11.661513,9.515211,10.387001,8.297958,LUAD,Tumor
GSM1855136,8.893162,6.628836,13.595689,11.731917,10.902712,10.050443,9.254949,9.644344,12.094111,13.312669,9.748913,9.38666,10.406942,12.043392,9.638171,11.836021,9.523505,LUAD,Tumor
GSM1855137,9.188036,6.495041,13.733302,12.532913,10.904005,10.046509,9.107154,10.077766,12.299576,13.325234,9.772581,8.660199,9.468342,11.823943,9.303212,10.973273,9.760907,LUAD,Tumor
GSM1855138,9.244497,7.712426,13.562032,12.562659,11.031382,9.854268,8.97692,9.249411,12.346143,13.112676,9.813343,8.208692,7.755626,12.060046,10.082358,10.728615,9.832033,LUAD,Tumor
GSM1855139,9.606093,7.75028,13.629206,12.850093,11.063029,10.592068,9.120307,10.339169,12.299895,13.106772,10.242542,8.16406,10.267433,11.8466,10.163726,11.455154,9.593224,LUAD,Tumor
GSM1855140,11.494708,7.406293,13.790016,12.608363,9.799412,10.504303,9.347435,11.136237,12.583852,13.109322,10.368363,5.849546,9.033852,11.23485,11.228357,10.565287,9.231989,LUAD,Tumor
GSM1855141,8.636519,5.878675,13.618452,12.520614,10.034446,9.712222,8.218875,10.921894,12.090101,13.26598,10.296622,5.606194,7.423801,11.217055,8.876681,9.877981,8.519408,LUAD,Tumor
GSM1855142,9.783001,7.595399,13.598877,12.86873,10.162442,10.135065,8.988099,11.238292,12.234918,13.226221,9.788943,8.056689,10.353006,11.852115,9.833207,11.418938,10.451179,LUAD,Tumor
GSM1855143,9.144926,6.837782,13.585758,12.799169,10.495725,10.359886,8.88542,10.604445,11.662425,13.233944,10.661582,5.814612,7.654544,11.563314,9.193306,10.1502,9.801256,LUAD,Tumor
GSM1855144,9.555648,6.995901,13.185629,12.430887,10.702237,9.247553,8.402095,9.757804,10.913535,13.144984,10.272614,9.03436,8.566523,11.457052,8.439911,12.105852,9.786776,LUAD,Tumor
GSM1855145,10.08962,8.184008,13.80574,12.496899,11.070036,10.567376,9.337862,10.792699,12.277422,13.295875,10.203807,7.203119,10.344789,12.350191,10.546274,12.146317,9.791282,LUAD,Tumor
GSM1855146,9.57205,7.059117,13.705286,12.852276,10.638989,10.176286,9.591257,11.199436,12.037124,12.965857,10.400961,8.386963,10.047774,11.937021,9.902371,11.643944,9.56732,LUAD,Tumor
GSM1855147,9.609006,7.723215,13.614097,12.69447,10.191308,10.657778,9.538866,10.255775,12.073224,13.189488,10.252342,7.834141,9.827519,11.394379,9.666644,10.965905,9.829132,LUAD,Tumor
GSM1855148,8.003329,7.803924,13.495106,11.678638,10.757373,10.532151,8.654951,9.364514,10.793583,12.911956,8.755608,7.054495,10.063887,11.405061,8.154698,11.359766,8.800253,LUAD,Tumor
GSM1855149,8.926142,7.219228,13.624565,12.766874,10.094544,10.759366,9.112043,10.341715,11.972426,13.175024,9.962838,6.288748,8.967557,11.3266,9.036014,10.751209,9.473141,LUAD,Tumor
GSM1855150,8.245939,6.416279,13.41309,11.808746,10.567742,9.975647,9.20367,9.63322,11.134309,12.856121,9.097979,10.031237,9.241828,12.148636,8.706959,11.106291,9.416968,LUAD,Tumor
GSM1855151,9.04724,6.735754,13.687272,12.638387,10.565892,9.42123,8.654391,10.403179,11.884379,13.328407,10.302913,7.359416,7.834793,11.871247,9.493918,10.764946,9.13693,LUAD,Tumor
GSM1855152,9.344622,7.456186,13.723699,12.856315,10.36436,10.357859,8.833556,10.960256,12.333191,13.213467,9.862324,6.456339,7.846429,12.205132,9.675993,11.011959,9.304965,LUAD,Tumor
GSM1855153,7.74826,6.457706,13.327635,12.451211,10.810185,10.600242,8.790785,9.482966,11.241319,13.370819,9.70963,8.113845,8.183372,11.560967,8.09139,10.882399,10.13471,LUAD,Tumor
GSM1855154,9.114654,6.567719,13.61986,12.232242,11.305349,10.802899,8.520172,10.400411,11.93753,13.232607,9.949094,6.232116,7.025049,12.115229,9.967921,9.592514,8.228374,LUAD,Tumor
GSM1855155,9.972468,6.973049,13.688542,12.169248,10.998559,10.361265,8.484559,10.746424,12.415781,13.41222,9.982415,7.450296,8.229453,11.504391,9.41638,9.96195,9.5482,LUAD,Tumor
GSM1855156,10.065996,8.425393,13.695355,12.462228,10.786732,10.735895,9.309871,10.474096,12.806605,13.266184,10.079769,7.956078,9.419898,12.014695,11.173807,11.2914,9.310831,LUAD,Tumor
GSM1855157,9.841133,8.1588,13.703134,12.377205,10.275629,10.898208,10.159998,10.519593,11.884044,13.502819,10.256229,9.940516,12.022472,12.214917,9.328236,12.658212,11.336561,LUAD,Tumor
GSM1855158,7.522192,6.583173,13.712758,12.431975,11.266728,10.299107,8.483843,9.642954,11.534688,13.479488,10.273563,6.32474,8.286826,12.314882,7.64046,9.923377,9.886536,LUAD,Tumor
GSM1855159,8.876296,7.991958,13.60197,12.899605,10.060134,10.074391,9.376105,10.606274,12.055489,13.134444,10.201173,8.343875,9.079538,11.925483,8.812904,11.873501,9.480566,LUAD,Tumor
GSM1855160,9.04908,6.848552,13.680978,12.049267,10.694174,10.07258,8.819025,9.485302,12.722426,13.581773,9.24698,8.240146,8.917451,12.166997,9.576241,11.009316,9.252852,LUAD,Tumor
GSM1855161,9.654696,8.89796,13.628302,12.964664,11.506874,10.67512,9.386852,10.540882,12.352609,13.351485,10.146047,9.505937,11.642766,12.136021,10.55616,11.765872,10.667826,LUAD,Tumor
GSM1855162,8.471388,7.888291,13.741134,12.41721,10.315804,10.445405,9.591268,11.032282,12.159307,13.412235,10.097995,8.937006,9.774623,11.927867,10.524943,12.260752,9.90487,LUAD,Tumor
GSM1855163,8.286944,7.372062,13.602678,12.285729,10.654755,9.803042,8.248494,10.3126,12.402603,13.237628,9.545113,6.615042,7.475949,11.099321,10.440122,9.461457,9.601803,LUAD,Tumor
GSM1855164,10.25455,6.641257,13.551082,12.284448,10.668866,10.190486,8.659092,9.869307,11.564321,13.202831,10.017377,5.97986,7.750866,11.661513,8.082906,10.723445,8.97173,LUAD,Tumor
GSM1855165,7.719823,5.469395,13.628942,11.773436,9.580716,9.01498,8.616738,9.827442,11.228318,13.302196,9.300508,8.691889,9.349952,12.172336,9.085731,11.135023,9.101778,LUAD,Tumor
GSM1855166,9.734795,7.346277,13.69202,12.603855,11.018786,10.535894,9.054363,11.11964,12.445799,13.250038,10.105084,7.260202,8.407863,11.264809,9.651806,11.086562,9.147891,LUAD,Tumor
GSM1855167,8.052692,6.52436,13.76396,11.902551,9.556479,10.032094,8.862676,9.981045,11.544041,13.301647,9.662174,8.818158,8.988268,12.029617,8.242527,11.332339,9.191099,LUAD,Tumor
GSM1855168,9.659802,7.479139,13.790118,12.74411,10.368385,10.869227,9.576193,10.714213,12.196718,13.304256,10.219232,8.182782,8.894322,11.265897,10.115372,11.508643,9.261291,LUAD,Tumor
GSM1855169,9.925555,6.926232,13.731097,12.854288,10.013816,11.434292,10.306393,10.702296,12.765399,13.291026,10.049189,10.016205,10.061429,11.738339,8.714054,12.780511,10.547065,LUAD,Tumor
GSM1855170,9.441829,6.038358,13.682449,12.09502,10.185016,10.482066,8.876506,11.214718,12.003663,13.205227,9.355909,7.927821,6.987048,12.017983,9.444175,10.197603,9.310572,LUAD,Tumor
GSM1855171,9.868806,7.24296,13.654446,12.578888,11.010976,10.164842,9.432548,10.048461,12.074791,12.533245,9.905264,8.268931,7.198245,11.73592,9.100729,10.72113,7.971187,LUAD,Tumor
GSM1855172,9.336283,7.991342,13.698655,12.772136,10.513071,10.229516,8.526998,10.387331,11.621493,13.212543,10.737194,8.113504,8.995566,12.001975,9.67965,10.820273,9.739665,LUAD,Tumor
GSM1855173,6.715916,6.814316,13.528612,10.954658,10.343082,10.459784,8.699612,9.438899,10.412302,12.905188,9.605628,8.609703,6.966254,11.874931,7.191999,10.190436,8.188366,LUAD,Tumor
GSM1855174,9.055755,7.010083,13.650445,12.394882,9.904855,10.371466,8.969968,9.697858,11.98123,12.982827,9.457629,7.408648,9.066595,11.232989,9.698582,10.933181,10.066911,LUAD,Tumor
GSM1855175,10.41002,8.058951,13.622846,12.476742,10.879972,10.109384,8.742689,10.632463,12.441302,13.054585,10.086745,6.654489,8.504719,11.917514,9.953304,10.448752,9.094922,LUAD,Tumor
GSM1855176,10.465671,8.020922,13.784053,12.867824,10.90422,10.820766,9.180167,9.993578,12.452534,13.09569,10.523012,7.79398,9.630086,11.437304,10.15123,11.020397,10.15335,LUAD,Tumor
GSM1855177,9.721616,9.036244,13.572961,12.812942,11.01823,10.580282,8.903345,9.515,12.341064,13.271481,10.445238,7.603034,9.172919,11.989002,10.447697,10.923542,9.247661,LUAD,Tumor
GSM1855178,9.847148,6.556406,13.501565,12.209706,10.292696,9.575558,9.331635,9.38017,11.881864,13.21941,10.112002,10.018861,8.193627,11.739582,9.682984,11.951569,10.287224,LUAD,Tumor
GSM1855179,9.250999,5.868591,13.712308,11.932927,9.927566,9.932451,9.011237,9.591604,12.111062,13.270665,9.451445,9.610863,8.951596,12.491946,9.358928,11.018653,9.228439,LUAD,Tumor
GSM1855180,9.144574,7.205529,13.660654,12.478104,10.087243,11.012286,9.462556,10.625147,12.216577,13.179166,10.030401,10.025629,12.800198,11.24625,9.901434,11.867272,11.647585,LUAD,Tumor
GSM1855181,8.917031,6.658897,13.67004,12.105854,10.939442,10.011258,8.997791,10.443604,12.00666,13.116308,9.630644,9.098915,9.963776,11.977811,10.115987,11.099433,9.799339,LUAD,Tumor
GSM1855182,9.602548,5.835195,13.717747,12.379546,10.556761,10.081084,8.371933,10.616182,12.737003,13.347606,10.360422,7.51324,8.053375,10.316284,9.023149,9.849409,9.189985,LUAD,Tumor
GSM1855183,9.876999,7.39563,13.669627,12.859985,10.358112,10.318138,8.955772,11.420136,12.44192,12.941599,9.83829,7.610509,9.141297,11.780408,10.508578,11.574751,9.685716,LUAD,Tumor
GSM1855184,9.688683,8.020293,13.715136,12.7389,10.5432,10.299544,9.500876,10.422242,12.518936,13.085386,9.83794,7.774435,10.57184,12.320657,10.455004,11.745018,10.317229,LUAD,Tumor
GSM1855185,10.625213,6.517797,13.711645,12.265499,10.080822,10.051377,8.934818,10.128776,12.729229,13.407382,9.513163,5.938518,7.748504,11.603164,10.270612,10.768444,10.158919,LUAD,Tumor
GSM1855186,10.171444,7.712173,13.728967,12.662677,10.935453,10.273042,8.772496,10.76045,12.75584,13.311414,9.969156,6.841298,8.537204,11.857362,10.537567,9.080201,8.925188,LUAD,Tumor
GSM1855187,5.369298,5.093102,13.704424,10.823819,9.35959,9.561538,7.853211,9.68804,11.354428,13.363233,10.102238,9.684918,10.456956,12.248641,5.928374,10.966051,9.528706,LUAD,Tumor
GSM1855188,10.156429,7.719825,13.699761,12.213338,9.774933,9.610017,9.045427,10.768141,12.417724,13.257007,9.685178,7.403795,8.778513,12.289081,10.05531,11.317706,9.775,LUAD,Tumor
GSM1855189,8.350061,6.016223,13.650971,11.850333,9.021304,9.517291,9.163996,10.179417,11.391117,13.17406,9.746856,8.7046,8.625306,12.484442,8.492446,11.294724,7.895557,LUAD,Tumor
GSM1855190,10.538945,7.358721,13.832515,12.578891,10.435663,10.063356,9.344026,11.181204,12.54264,12.945691,10.144371,7.845696,10.596498,11.816082,10.668651,11.177845,9.645064,LUAD,Tumor
GSM1855191,7.279322,5.841721,13.641291,12.064378,10.474993,10.49039,8.864039,8.66215,10.84052,13.225862,9.216718,5.941299,7.246609,12.022564,5.891634,10.689608,8.66525,LUAD,Tumor
GSM1855192,10.054561,5.77255,13.745691,12.600135,10.015876,9.194554,8.549539,10.646569,12.227479,13.271711,9.30183,5.680136,7.624287,11.334126,10.062497,10.063427,8.999838,LUAD,Tumor
GSM1855193,10.096076,6.997589,13.680332,12.178771,10.490855,10.159442,8.990323,10.335004,12.508202,13.309008,10.032216,6.524811,8.004318,11.675587,9.626608,10.030032,9.382653,LUAD,Tumor
GSM1855194,10.006304,8.303187,13.68506,12.437642,10.431751,10.521663,9.785159,10.363241,12.454687,13.260179,10.082744,9.054578,9.455334,11.929565,9.489312,11.394127,9.276854,LUAD,Tumor
GSM1855195,9.290726,5.856709,13.713105,12.257178,10.740945,10.193013,9.788516,10.21749,11.890085,13.217492,9.800419,10.022753,11.458523,11.745141,9.464012,11.737475,11.028377,LUAD,Tumor
GSM1855196,9.643307,6.747948,13.56155,12.406719,10.564752,9.5387,8.915431,10.149198,12.177723,12.988011,9.483775,8.389865,9.004375,11.960948,9.028276,11.385741,9.456336,LUAD,Tumor
GSM1855197,10.303969,7.794082,13.727971,12.786894,10.311046,10.794666,9.096711,11.14506,12.490031,13.464559,10.006774,8.982533,11.273766,11.589387,11.072799,11.44869,10.507232,LUAD,Tumor
GSM1855198,9.521821,7.066113,13.746733,11.860212,10.230508,9.193365,9.080073,10.079024,12.166944,13.074014,9.286762,8.228175,9.424254,11.877742,8.840911,10.95629,9.372185,LUAD,Tumor
GSM1855199,9.187363,5.320745,13.577943,11.819356,9.808951,8.987817,8.932307,10.115527,11.798247,12.885666,9.52352,10.084613,9.083709,12.374514,9.131848,10.178708,8.370212,LUAD,Tumor
GSM1855200,9.807239,5.566076,13.599008,11.602605,10.992195,10.737291,8.599299,11.269356,12.83005,13.099516,9.997645,7.801336,7.672605,11.671902,10.090622,9.38056,7.800896,LUAD,Tumor
GSM1855201,10.15711,5.884605,13.486912,11.818496,10.004112,9.256988,8.969707,10.188237,11.749454,13.098688,9.685015,7.74353,7.288659,11.672219,8.702912,10.209112,8.206182,LUAD,Tumor
GSM1855202,9.006954,6.367035,13.34407,10.817466,10.134947,9.105791,8.851105,9.591577,11.216067,13.326884,9.500548,9.474033,8.313261,12.355038,8.541503,10.191396,9.914825,LUAD,Tumor
GSM1855203,9.157252,6.926675,13.608651,11.826678,11.118456,9.619723,9.028018,10.595154,12.160404,12.867115,9.991646,8.608203,9.013186,12.202637,9.845518,11.934786,9.825368,LUAD,Tumor
GSM1855204,7.242456,6.140443,13.746074,11.843273,10.091734,9.27845,8.145792,9.563916,11.543227,13.271112,10.0727,5.25685,7.23972,11.111691,9.227941,10.267536,9.142334,LUAD,Tumor
GSM1855205,9.967355,7.610235,13.600619,12.379984,11.182608,10.218563,8.882042,10.237459,12.69593,13.440961,10.086286,8.21098,9.345199,11.804171,9.294021,11.037051,9.822924,LUAD,Tumor
GSM1855206,6.853453,6.456876,13.662212,12.273417,11.028557,9.74038,7.895687,8.609822,11.397332,12.995255,9.439778,6.659907,6.307925,11.285123,7.532591,9.588752,8.405018,LUAD,Tumor
GSM1855207,10.728334,7.690402,13.743205,12.171196,11.119093,9.172806,8.331811,10.703497,11.958776,12.613256,9.698643,4.175471,6.875622,10.599269,9.148451,8.917304,8.478266,LUAD,Tumor
GSM1855208,9.90718,6.942528,13.793169,12.788122,10.865273,10.177029,9.178365,10.847106,12.861752,13.302807,10.360927,6.409866,7.39842,11.774461,10.776606,10.433608,8.712967,LUAD,Tumor
GSM1855209,6.565035,5.826125,13.029814,11.351711,10.623551,11.426041,7.988617,8.296036,7.006257,13.122591,8.173578,6.32094,7.953443,11.03979,8.106797,9.04358,8.712919,LUAD,Tumor
GSM1855210,9.678408,7.5188,13.76702,12.494836,10.598612,10.520573,8.376344,10.778892,12.839268,13.635633,9.161299,8.224993,7.585458,11.925948,10.779992,10.081089,9.203116,LUAD,Tumor
GSM1855211,9.189951,6.127068,13.546032,12.141506,11.105861,11.045286,9.07042,11.085151,11.596369,13.223497,9.776025,8.013572,7.591797,12.302867,10.066374,10.912671,9.27586,LUAD,Tumor
GSM1855212,8.690702,7.708309,13.660574,12.86364,10.676862,10.65132,9.135569,10.80223,12.35809,13.047737,10.77913,7.200125,9.143219,12.289831,9.795189,10.719632,9.087415,LUAD,Tumor
GSM1855213,8.9835,6.148868,13.776661,12.746707,9.742899,9.83322,8.700824,10.004158,12.080117,13.212274,9.684313,7.654692,10.124577,12.012916,9.335432,11.323924,10.008762,LUAD,Tumor
GSM1855214,9.219119,6.395767,13.747965,12.560422,9.777373,10.474194,8.991256,10.755819,11.881286,13.242269,9.931381,6.863388,8.848523,12.485154,9.22867,11.03466,9.787696,LUAD,Tumor
GSM1855215,9.607454,7.142488,13.785138,12.372727,9.819025,11.298127,9.025143,11.683153,12.438275,13.192947,10.6497,8.903635,10.363182,12.059986,10.431755,11.323714,10.101688,LUAD,Tumor
GSM1855216,9.16818,7.189788,13.565156,12.574549,9.684189,10.797282,9.060294,10.779791,11.920113,13.097643,10.581683,8.67444,9.315405,12.018312,8.867511,10.998829,9.570917,LUAD,Tumor
GSM1855217,8.229885,6.423672,13.571974,12.481755,10.203877,10.23853,9.071738,10.870401,11.67864,13.150003,9.901049,8.784173,8.704725,12.00647,8.230365,11.487229,9.674848,LUAD,Tumor
GSM1855218,9.624883,7.003964,13.679065,12.59725,9.91128,10.056311,9.537002,10.621072,12.325478,13.082256,10.045839,9.728897,9.129659,12.034154,9.724688,12.123694,9.890395,LUAD,Tumor
GSM1855219,9.641855,7.951396,13.698526,12.143714,9.07959,10.993587,9.966137,10.569302,11.592953,13.043157,9.587672,10.151416,10.718417,12.439209,9.406375,12.39043,9.765953,LUAD,Tumor
GSM1855220,8.963241,6.592159,13.440701,11.192921,10.528544,10.158113,9.623653,9.403729,11.548722,13.354345,9.291643,10.93777,9.332223,12.167671,9.054878,11.197419,9.466429,LUAD,Tumor
GSM1855221,9.91982,7.136635,13.797585,12.462571,10.4046,10.149057,8.642612,10.467006,12.172912,13.094585,10.108025,8.271708,9.515684,12.489717,10.139613,11.276062,9.67715,LUAD,Tumor
GSM1855222,10.02686,8.599811,13.59982,12.982277,10.8014,11.110673,9.715684,10.678225,12.55466,13.261654,10.283763,10.173631,11.174663,12.230295,9.427247,12.236438,9.761739,LUAD,Tumor
GSM1855223,9.255543,7.344071,13.719892,12.402172,9.749684,9.48813,8.499945,10.854204,11.733171,12.935013,9.576715,7.940859,9.889197,12.186807,9.818209,11.268978,9.531207,LUAD,Tumor
GSM1855224,10.690658,5.900588,13.784527,12.099949,10.78605,10.006833,8.700613,10.576476,12.391686,13.465039,9.51369,7.154504,7.383275,11.44131,10.058898,9.52473,10.404344,LUAD,Tumor
GSM1855225,9.400514,7.71535,13.705869,11.837222,11.101096,10.472867,8.738042,10.488249,12.12398,13.026999,8.656567,8.544102,10.962609,11.11861,9.414957,10.974009,9.819704,LUAD,Tumor
GSM1855226,7.537213,6.242953,13.646851,11.735923,10.63694,10.289174,9.057948,9.8766,12.06385,13.100825,9.78827,9.515819,8.536586,12.181302,8.538235,10.765246,9.306299,LUAD,Tumor
GSM1855227,9.891336,7.921762,13.669025,12.457624,10.329769,11.09148,9.83565,10.597878,11.247613,13.262278,10.431329,10.178314,12.709625,12.40808,9.320753,12.349753,11.232034,LUAD,Tumor
GSM1855228,9.445529,7.674971,13.775295,12.218656,10.689392,10.579422,9.673293,10.742764,12.177352,13.337324,10.145558,10.210367,10.544379,12.128415,9.28899,11.885771,10.237376,LUAD,Tumor
GSM1855229,10.370162,7.639222,13.669734,12.480855,10.830073,10.467205,9.361779,10.55886,12.378539,13.256056,9.978965,7.400831,9.408949,12.228252,10.063328,11.033755,9.074489,LUAD,Tumor
GSM1855230,9.76729,6.867365,13.702221,12.738901,10.234698,10.534778,8.68216,11.295501,12.285529,13.263032,10.197996,7.44423,8.189785,11.545181,9.913956,10.303536,8.633158,LUAD,Tumor
GSM1855231,10.129647,5.14331,13.582715,11.712015,10.375974,10.994669,9.04405,11.159853,11.887742,13.333313,9.708585,7.490087,7.950819,11.823558,10.060423,10.604034,9.063585,LUAD,Tumor
GSM1855232,10.703772,7.03535,13.754642,12.43021,10.778693,10.722389,9.17011,9.645594,12.603461,13.361096,9.833839,6.674951,8.66626,11.519371,8.910973,10.407522,9.356963,LUAD,Tumor
GSM1855233,8.370007,7.144503,13.661336,11.944417,10.389732,9.066241,9.284877,10.014872,11.325463,13.224643,9.539883,7.629428,7.645993,11.872685,9.349837,10.927683,8.512536,LUAD,Tumor
GSM1855234,10.955738,6.511831,13.663567,12.238432,10.420748,10.102887,9.761136,10.51769,12.189087,13.231915,10.170707,9.21049,8.798717,11.623453,10.80957,11.358336,9.295819,LUAD,Tumor
GSM1855235,8.747989,6.446585,13.600751,12.777207,9.808668,10.439777,8.944786,10.69764,11.442896,13.137178,9.929363,7.764452,7.374368,11.785332,8.192896,10.530958,8.630239,LUAD,Tumor
GSM1855236,9.775514,8.041988,13.814949,12.577595,10.977625,10.430138,8.832883,11.673542,12.581303,13.49961,10.156702,5.172384,7.896874,11.903085,10.793134,10.820544,9.067384,LUAD,Tumor
GSM1855237,9.010758,6.264846,13.66096,12.126137,10.232566,9.524989,9.233615,10.418668,11.625633,13.102501,9.933067,10.201183,8.397879,12.3739,9.100143,11.739911,9.209838,LUAD,Tumor
GSM1855238,9.051351,5.456095,13.651819,11.464589,11.208667,9.859478,8.050949,9.90298,11.630397,13.250031,9.334765,7.616657,8.475617,12.030787,9.68139,10.377209,9.323727,LUAD,Tumor
