CODE,Group,hsa-mir-106b,hsa-mir-128-1,hsa-mir-128-2,hsa-mir-130b,hsa-mir-146a,hsa-mir-150,hsa-mir-155,hsa-mir-221,hsa-mir-3185,hsa-mir-4256,hsa-mir-4746,hsa-mir-511,hsa-mir-548f-1,hsa-mir-5682,hsa-mir-6127,hsa-mir-6863,hsa-mir-7-3,SampleName
LUAD,Tumor,9.154662781,5.686561623,4.818841973,4.989809641,8.147187495,8.363101749,7.992624279,7.799191845,0,0,2.615681834,4.858624045,0,0,0,0,0,TCGA-78-7158-01
LUAD,Tumor,8.630238467,5.679428696,5.35074457,4.601406998,7.693457406,10.20853432,9.628416846,8.226140965,0,0,0.521099999,4.871754611,0,0,0,0,0.283951396,TCGA-MP-A4T4-01
LUAD,Tumor,8.30345031,4.926454175,4.672877146,5.142053209,6.875447581,9.271436342,10.72716709,8.841365121,0,0,0.689478088,6.733142029,1.154064025,0,0,0,0,TCGA-05-4250-01
LUAD,Tumor,8.920667984,5.41294282,4.986787625,3.665501583,7.697919669,10.40020887,8.39239214,9.032417916,0,0,0.841950583,4.23500806,0,0,0,0,1.255092793,TCGA-55-7227-01
LUAD,Tumor,11.15302742,9.010432198,8.501777709,9.255351135,6.278269726,8.764610781,7.32014782,6.701582934,0,0,5.270946068,4.742578162,0,0,0,0,2.372678573,TCGA-78-7155-01
LUAD,Tumor,8.716328069,5.255523204,5.00901114,3.744182413,7.61914248,9.521623491,7.953055368,9.23028371,0,0,1.137515983,3.406013319,0,0,0,0,1.137515983,TCGA-78-7163-01
LUAD,Tumor,9.972601692,7.652760739,7.256214558,6.533476961,9.187472015,8.667350381,8.882335139,8.367219283,0,0,4.024355941,6.320258039,0,0,0,0,2.794783902,TCGA-05-4397-01
LUAD,Tumor,9.293128824,6.416720002,6.199499663,5.875048088,7.897776386,7.93096763,7.656943196,8.046525498,0,0,2.818635858,4.297883099,0,0,0,0,0.589359859,TCGA-71-8520-01
LUAD,Tumor,10.22523565,7.131009909,6.932601514,5.128181449,6.508581962,9.986507866,8.591551148,6.090174658,0,0,3.591146924,3.817432318,0,0,0,0,1.607192519,TCGA-73-A9RS-01
LUAD,Tumor,9.926121862,6.31923586,6.29417122,6.076240542,3.860350838,7.230939326,6.60394357,7.77167096,0,0,1.719041464,3.059175795,0,0,0,0,0.755018301,TCGA-78-7535-01
LUAD,Tumor,8.771009008,6.494288473,6.059650069,4.587731559,8.71380971,11.52822458,9.816695463,8.88026154,0,0,1.272090095,6.274560738,0,0,0,0,0.265627722,TCGA-55-8619-01
LUAD,Tumor,9.025360422,5.712378314,5.827840487,4.896951422,6.522768585,9.417254206,8.747297383,7.673463497,0,0,0.994867872,4.326511031,0.261326206,0,0,0,0.843435596,TCGA-95-7567-01
LUAD,Tumor,9.754488213,6.563505077,6.101555997,6.541375584,6.886774033,8.73254649,8.033158006,8.266896074,0,0,2.505671715,3.686815365,0,1.056445495,0,0,1.65974284,TCGA-44-7670-01
LUAD,Tumor,8.242973625,4.914870155,4.709464896,3.823083896,7.464098329,9.815631252,9.254165871,8.429222153,0,0,0.652500262,4.270564822,0,0,0,0,0,TCGA-44-6777-11A
LUAD,Tumor,9.107115955,5.468567548,5.028929162,3.964106274,8.613228234,10.6454793,9.326604382,7.827409221,0,0,1.391207907,4.864517295,0,0,0,0,0,TCGA-J2-A4AE-01
LUAD,Tumor,10.22314425,6.49756295,4.041384756,5.40059425,5.893014335,13.42595628,7.461700488,8.178373743,0,0,2.621807141,7.25000822,0,0,0,0,0,TCGA-44-3396-11A
LUAD,Tumor,8.284422514,5.034970898,4.6220957,3.096008279,7.697263871,8.181066503,6.695748932,7.241070277,0,0,0.686084523,2.218305666,0,0,0,0,0.314480758,TCGA-NJ-A7XG-01
LUAD,Tumor,9.132900994,6.431284492,5.920708492,6.95786616,5.610318553,8.894566904,7.075825355,8.92407685,0,0,0.812735609,3.669747026,0,0,0,0,0.249912511,TCGA-44-8117-01
LUAD,Tumor,8.849546536,7.038787089,6.736078461,5.123299021,6.184795363,7.659017695,7.580077774,8.085429012,0,0,2.568648707,4.276861685,0,0,0,0,1.229733723,TCGA-50-6594-01
LUAD,Tumor,7.891273865,5.788532299,5.386468611,4.330588874,7.818038797,10.5634881,9.315945728,7.770797629,0,0,1.374827496,5.466631231,0.136960444,0,0,0,0.483717252,TCGA-50-5045-01
LUAD,Tumor,9.130354111,6.216018887,5.598230423,5.473994828,6.748603268,8.226718989,7.559862466,8.249965276,0,0,1.625470161,3.737554707,0.231169406,0,0,0,0.605358734,TCGA-J2-A4AD-01
LUAD,Tumor,8.427005141,5.636716428,5.323392444,4.456058724,10.25583799,10.53506328,9.348996729,7.577890809,0,0,0.251497332,3.342159173,0,0,0,0,0.465592132,TCGA-S2-AA1A-01
LUAD,Tumor,9.657937179,6.1306499,5.605380752,5.451684963,6.316810464,8.817499338,8.061973804,6.86326898,0,0,2.654948963,4.029192594,0.250019271,0.250019271,0,0,1.623610318,TCGA-44-6144-01
LUAD,Tumor,8.914409309,6.36395152,6.199661588,5.573883846,5.907363097,8.217603883,6.935926639,7.107085749,0.165352434,0,1.615639465,3.421582699,0.165352434,0,0,0,0.31368585,TCGA-05-5715-01
LUAD,Tumor,8.457329409,6.235700449,5.710543378,4.67071482,8.945538943,10.32331801,8.673990916,7.612526013,0,0,1.426302868,3.899413772,0,0,0,0,0.276134532,TCGA-50-8460-01
LUAD,Tumor,7.990920103,5.5781583,5.085138698,3.532943404,7.640137088,8.084684061,8.398175671,6.363632746,0,0,0.85874731,3.254195826,0,0,0,0,0,TCGA-05-4249-01
LUAD,Tumor,8.658069306,4.740615572,4.16566469,4.521568092,8.996227841,9.433439869,7.997279359,7.652664067,0,0,1.36129674,3.243891743,0,0,0,0,0.957168735,TCGA-67-4679-01B
LUAD,Tumor,9.176164084,5.809337239,5.623066827,2.658952466,6.520588856,8.985924911,8.18342681,8.279109109,0,0,0.669605542,4.38777851,0,0,0,0,0.797675428,TCGA-49-6742-11A
LUAD,Tumor,9.171560008,4.281451079,3.854892812,6.374781966,3.993947569,6.487352682,4.94794817,5.707103511,0,0,0.370503567,2.837719052,0,0,0,0,0.665036147,TCGA-55-A494-01
LUAD,Tumor,8.980172945,6.550602678,6.165369761,4.020792063,8.467752836,11.78934921,10.24836479,9.323395599,0,0,1.465480338,3.583014389,0,0,0,0.142244814,0.602270628,TCGA-64-5778-01
LUAD,Tumor,9.647542046,6.732887667,6.280230498,5.626766656,6.728336354,7.908142558,8.684420785,8.280301178,0,0,2.508519927,5.561740035,0,0,0,0,0.416867839,TCGA-95-8494-01
LUAD,Tumor,8.933490499,5.947175085,5.631080878,4.556088843,7.683846828,6.718159676,8.101489336,8.749625127,0,0,0.79186657,3.992658684,0,0,0,0,0.524854032,TCGA-55-7726-01
LUAD,Tumor,9.69615209,6.986595914,6.539007522,5.400921504,7.890991139,12.02485162,10.00526407,8.456243361,0,0,1.7970437,5.38676681,0.867916227,0,0,0,0.498263124,TCGA-78-8660-01
LUAD,Tumor,9.616587414,6.20825188,5.939725839,4.79271805,8.273571575,9.715951457,7.946415897,9.046946832,0,0,0.617624792,2.399110376,0.180895119,0,0,0,0.486209792,TCGA-49-4490-01
LUAD,Tumor,9.417576276,7.004847328,6.702444988,4.814721137,6.003241473,9.184546279,6.414257044,7.533632849,0,0,1.099549042,3.215035375,0,0,0,0,0.652086271,TCGA-J2-8194-01
LUAD,Tumor,9.340797707,4.835420559,4.415119708,4.900236037,8.219879042,9.797364183,9.981806899,8.241928219,0,0,0.727661726,4.992306187,0,0,0,0,1.569423039,TCGA-44-2659-01
LUAD,Tumor,8.604820339,6.433277416,6.155102672,4.342566976,5.013197593,7.266108586,5.884142037,7.543800931,0,0,0.478853797,3.84635591,0,0,0,0,0.669438646,TCGA-78-7633-01
LUAD,Tumor,9.089011398,6.64575082,6.300681068,4.940094379,7.594870463,11.86262109,9.797508556,7.699504,0,0,0.863358085,5.355414847,0.268814032,0,0,0,0.495320627,TCGA-55-8299-01
LUAD,Tumor,8.336581797,6.035078662,5.671135081,4.566370955,7.440522306,10.62254952,9.703780489,8.525520676,0,0,0.542901856,5.631794288,0.542901856,0,0,0,0.816804475,TCGA-67-6217-01
LUAD,Tumor,9.620974335,6.643836511,6.627652914,6.037770959,7.353860126,9.136075915,9.78455048,9.581085228,0,0,1.418576414,6.770846564,0.35486849,0,0,0,0.639453529,TCGA-50-5044-01
LUAD,Tumor,9.561883603,5.839776267,5.486321568,5.041065438,7.173799292,10.02019955,7.914332728,7.95684476,0,0,1.177936284,3.729505786,0,0,0,0,0.927370087,TCGA-MP-A4T6-01
LUAD,Tumor,8.711875323,5.573204693,5.161095433,3.808699505,8.34598158,9.599667866,8.279428096,7.687432081,0,0,1.409367581,2.577397647,0,0,0,0,0.77383011,TCGA-50-5942-01
LUAD,Tumor,8.8196003,5.682986159,5.419048865,4.994345109,7.721700982,9.150055991,9.314776934,7.816860807,0,0,1.514567691,4.184158795,0,0,0,0,0.30116736,TCGA-55-A48Z-01
LUAD,Tumor,9.269251152,5.270214617,5.006266737,4.156401147,7.88831289,8.673612057,9.307439359,8.096342514,0,0,1.42395782,4.222932661,0.356745559,0,0,0,0.880962089,TCGA-55-7816-01
LUAD,Tumor,9.512680153,6.2849373,5.945650633,5.208632043,6.734709688,10.72354451,8.639950206,8.166187029,0,0,0.653857981,5.042878713,0,0,0,0,0,TCGA-86-8280-01
LUAD,Tumor,9.834175997,5.395657651,5.194469547,5.521462468,8.038519242,9.343830244,8.846099734,7.234524016,0,0,1.674396922,5.758958116,0,0,0,0,0.630372852,TCGA-49-4494-01
LUAD,Tumor,10.97284237,7.284702111,7.042638231,5.33564121,6.604953311,7.809113918,8.840107886,8.856408864,0,0,3.906435017,5.17595946,2.707748069,0,0,0,2.08906148,TCGA-78-7146-01
LUAD,Tumor,9.168570652,6.052903782,5.581883693,4.380192909,4.877984728,8.354084184,7.289901233,10.04577516,0,0,0.670630985,2.759101492,0.670630985,0,0,0,0,TCGA-95-7948-01
LUAD,Tumor,10.06646453,7.377759587,7.093702415,5.086665787,6.855784338,7.916720043,8.519836097,8.151748227,0,0,0.492802782,4.416757271,2.453894435,1.944944256,0,0,1.602113816,TCGA-55-7570-01
LUAD,Tumor,8.946339197,6.007828022,5.531341501,2.814173448,6.698571606,9.6248582,8.572842606,8.242982478,0,0,1.326704732,5.765362037,0,0,0,0,0.380350442,TCGA-50-5930-11A
LUAD,Tumor,8.775710148,6.241582447,5.765828003,5.22242027,8.733230333,11.28753514,9.319320582,7.932253086,0,0,2.154367715,4.086357823,0,0,0,0,0.240827196,TCGA-49-AAQV-01
LUAD,Tumor,9.168042522,6.365319989,5.695906147,5.084923331,9.914899201,12.49977918,10.4493914,9.04875792,0,0,1.199661667,5.49483754,0.332704497,0,0,0,0,TCGA-86-8671-01
LUAD,Tumor,9.428614977,6.405548135,6.037109099,4.05128552,5.0397029,8.194918609,7.100586718,7.644914098,0,0,1.387742467,3.439238412,0,0,0,0,0.667108249,TCGA-91-6829-01
LUAD,Tumor,8.696209885,6.498873741,6.177568594,5.627375796,5.239861336,7.799225363,7.214222326,7.717144152,0,0,1.125168359,3.40856446,0.419545363,0,0,0,0.590969862,TCGA-05-5428-01
LUAD,Tumor,8.588188398,6.183799772,5.798357068,3.435468849,7.997449468,11.47041602,9.73673667,8.464260087,0,0,0.945833902,5.641220895,0,0,0,0,0.245203565,TCGA-91-8497-01
LUAD,Tumor,8.948905826,5.930813775,5.692217524,5.476093736,6.50229801,8.389755981,7.114276104,8.246255482,0,0,1.789217176,4.615300816,0,0,0,0,0.908613107,TCGA-78-7145-01
LUAD,Tumor,8.779693134,6.723720528,6.601309973,5.591082788,6.093090814,8.385702708,6.795541171,7.593861404,0,0,1.425383569,3.04425334,0,0,0,0,1.425383569,TCGA-69-7973-01
LUAD,Tumor,9.515221314,5.963239228,5.469745183,5.075552911,5.386213815,8.684426834,7.723462329,6.719647449,0,0,1.520920537,3.573716859,0,0,0,0,0.391354205,TCGA-MP-A4T8-01
LUAD,Tumor,8.449000694,7.384393192,6.970051047,5.070787259,6.576147327,6.29190221,8.561870161,9.908509013,0,0,1.331538985,1.534005807,0.81422637,0,0,0,2.56786374,TCGA-49-AAR9-01
LUAD,Tumor,9.019723756,6.488584883,6.238042587,3.936901628,7.002004269,9.845946581,7.979861542,7.470438348,0,0,0.698133114,4.561571942,0,0,0,0,0,TCGA-86-8669-01
LUAD,Tumor,9.708281825,6.661301723,6.331037576,4.777309083,6.626966631,10.47913388,9.635883612,7.822907141,0,0,1.855385791,4.752042536,0,0,0,0,0.308062589,TCGA-55-8092-01
LUAD,Tumor,10.22344411,6.66133881,6.363474253,5.88503916,8.980141803,10.00167,8.307449118,9.612945059,0,0,1.965287081,4.706346378,0.272014826,0,0,0,0.272014826,TCGA-75-6214-01
LUAD,Tumor,8.963131435,6.181722025,6.03369799,4.556003963,8.374027708,11.14276342,9.200578142,8.43766473,0,0,0.851515193,4.987679767,0,0,0,0,0.402458059,TCGA-49-6744-01
LUAD,Tumor,7.898668906,4.696376199,4.033120775,3.61082902,7.056501323,7.296534404,7.444946555,7.492318066,0,0,0.501258749,2.678257189,0,0,0,0,1.167578876,TCGA-64-1680-01
LUAD,Tumor,8.205101655,6.335366235,5.818342891,4.843685931,9.115605024,8.389160739,7.326405226,9.549360919,0,0,0.646709211,4.694105943,0,0,0,0,0,TCGA-55-8091-01
LUAD,Tumor,8.476046049,6.27671391,5.919121492,3.621268304,5.836842086,8.363546108,7.829653161,9.458561797,0,0,2.080737129,4.014109496,0.582034708,0,0,0,0.582034708,TCGA-73-4676-01
LUAD,Tumor,8.621696891,6.258840537,5.915003986,5.446630223,7.047152089,9.032570676,9.302919613,9.694467235,0,0,0.79291614,5.27073042,0,0,0,0,0.315207976,TCGA-55-6982-01
LUAD,Tumor,10.44486869,7.308249844,6.959616084,5.475537373,7.642987498,9.02464906,8.866679946,7.054033269,0,0,2.725113562,3.730805028,0.433769226,0.76681987,0,0,0,TCGA-4B-A93V-01
LUAD,Tumor,8.639035038,6.216759495,5.56011917,5.42879825,9.68656943,11.34169592,10.49727685,9.316910421,0,0,2.02810975,6.256032582,0.597523547,0,0,0,0.597523547,TCGA-62-A46Y-01
LUAD,Tumor,8.426774003,5.386694257,4.693625115,4.818871518,7.875008511,9.176957602,10.1467333,8.780953964,0,0,1.26793065,6.441246237,0,0,0,0,0.555213434,TCGA-44-2656-01
LUAD,Tumor,9.09252937,5.595445775,5.342972638,5.385691458,7.870241641,10.69554411,9.228353055,7.978864295,0,0,0.735816752,5.303008206,0.41431958,0,0,0,0,TCGA-75-7025-01
LUAD,Tumor,9.852103005,6.326575889,5.505236711,6.235011948,6.622761788,8.78125538,8.068172939,7.26133812,0,0,3.721762102,4.714690074,0,0,0,0,2.340425541,TCGA-L4-A4E5-01
LUAD,Tumor,9.542973554,6.554473524,6.436886171,4.139700403,6.67778259,9.572547846,7.691406681,7.31846988,0,0,1.542416552,3.832140732,0,0.198041472,0,0,1.122420929,TCGA-50-5051-01
LUAD,Tumor,7.952671536,4.479275127,4.659778284,3.44746785,6.335724771,9.055637257,6.362033122,9.800630236,0,0,0.580587393,3.44746785,0,0,0,0,0,TCGA-05-4403-01
LUAD,Tumor,9.172399105,7.241983864,7.171814215,4.024236779,3.704561265,6.770235358,5.629592358,5.918083828,0,0,0.442884062,2.081977995,0,0,0,0,0.442884062,TCGA-78-7161-01
LUAD,Tumor,7.579807456,5.498972418,4.917360669,4.40170432,6.563435871,8.329186112,8.164241213,9.433759568,0,0,1.12732556,4.31850109,0,0,0,0,0,TCGA-05-4426-01
LUAD,Tumor,8.744548778,6.373438421,5.976559289,5.3940927,8.113866654,11.09956769,10.13600485,7.795018819,0,0,2.175913525,4.276163795,0.257594822,0,0,0,0.983620788,TCGA-50-5049-01
LUAD,Tumor,9.789201448,6.816343219,6.472251771,4.933520708,6.400502015,10.43605203,7.438389921,8.695840936,0,0,1.028399413,4.722458264,0,0,0,0,0.199797334,TCGA-44-8120-01
LUAD,Tumor,8.643263813,5.223391309,4.687057328,2.32628566,7.5895441,9.241981813,8.848481869,8.074501572,0,0,1.356953972,5.097455564,0,0,0,0,0.532192261,TCGA-91-6836-11A
LUAD,Tumor,10.44269722,7.045657531,6.83300645,6.445622612,4.591040737,8.626743863,6.921119028,7.004158498,0,0,2.148602588,3.284076254,0.699871406,0,0,0,1.169104035,TCGA-86-7713-01
LUAD,Tumor,7.953994104,5.537559015,4.872735252,4.994156764,8.286692244,8.836680599,8.556862274,8.230135049,0,0,0.893376191,4.693098172,0,0,0,0,0,TCGA-67-3773-01
LUAD,Tumor,7.810747986,5.935712857,5.591682648,5.42988918,6.914497637,10.61294739,9.74833582,6.668810742,0,0,2.05251119,2.867214086,0,0,0,0,1.364088838,TCGA-44-A479-01
LUAD,Tumor,8.975675009,5.602627075,4.973943902,4.937676776,8.056709043,10.38275119,10.21769519,6.667380749,0,0,1.740088676,3.983999575,0,0,0,0,0,TCGA-05-4422-01
LUAD,Tumor,9.360154523,6.785316605,6.620663865,6.507315221,5.309783478,8.137968621,7.367537544,5.95352707,0,0,1.92155782,4.17805257,0.45604492,0,0,0,0.45604492,TCGA-05-4390-01
LUAD,Tumor,9.104531442,6.083040022,5.700890601,3.977995964,6.617622471,10.24895481,8.385648366,8.411213686,0,0,0.593487635,5.480179282,0.466410993,0,0,0,0.91881211,TCGA-91-6830-01
LUAD,Tumor,8.490765816,5.677581136,5.59496031,2.743641201,6.858570551,9.828307212,8.847158337,8.879067708,0,0,0.52434055,2.171913588,0,0,0,0,0.52434055,TCGA-55-7725-11A
LUAD,Tumor,10.10641605,7.330916878,7.196062597,5.885634126,6.680198031,9.556506055,8.126862474,7.582660453,0,0,2.637955636,3.745039688,0,1.205468837,0,0,3.597178472,TCGA-44-7669-01
LUAD,Tumor,9.63206189,6.330216885,5.720012341,6.104010297,7.891245979,9.91415061,10.23196445,8.549977478,0,0,2.34890148,4.926888917,1.776646845,0,0,0,0.814111499,TCGA-50-5066-01
LUAD,Tumor,8.425603471,5.801235213,5.463417487,3.660064712,7.52726046,9.729909634,8.365909794,8.194828062,0,0,1.982326291,4.381233251,0,0,0,0,0.988241859,TCGA-64-5815-01
LUAD,Tumor,8.617778088,6.279494492,5.833486837,3.381268835,6.829192677,8.41757444,8.636471176,7.533457159,0,0,2.726588205,4.870842284,0.220653132,0,0,0,0,TCGA-50-5939-01
LUAD,Tumor,9.604599628,6.03206881,5.683625244,6.554929272,6.949637097,8.116651766,8.034878508,7.206322667,0,0,2.588486304,4.798491242,0.586372767,0,0,0,1.324466158,TCGA-MN-A4N1-01
LUAD,Tumor,10.41094464,6.110811844,5.789603023,6.089660216,8.169678144,10.650184,9.936588025,7.365896478,0,0,1.197373508,5.206437127,0,0.364440203,0,0,1.445880816,TCGA-55-6969-01
LUAD,Tumor,9.524985123,6.651041915,6.382706899,5.17995633,7.144007425,10.31324247,9.649192423,8.726033108,0,0,3.208552999,4.701381158,0,0,0,0,1.095678044,TCGA-80-5611-01
LUAD,Tumor,9.807242383,6.015606685,5.293431405,6.388963056,8.514359536,8.533085723,9.295554335,8.456676857,0,0,0,7.621066401,0,0,0,0,0,TCGA-44-2662-01
LUAD,Tumor,7.546314156,5.828939903,5.675994169,3.934948302,5.826519252,8.146035262,7.971887225,8.382332017,0,0,1.16276625,2.17823531,0,0,0,0,0.737323338,TCGA-05-5429-01
LUAD,Tumor,8.993634654,7.004451571,6.671192853,5.716209241,7.118823089,9.125490527,9.300240845,8.780624988,0,0,1.921302643,5.629505108,0,0,0,0,1.418237992,TCGA-38-4632-01
LUAD,Tumor,8.593340242,6.112926693,5.711949807,4.311890911,7.805542803,9.084307008,9.003091314,8.25439166,0,0,0.60098236,6.974929428,0,0,0,0,0,TCGA-O1-A52J-01
LUAD,Tumor,8.548298167,5.68214447,5.296669501,3.95796668,6.588223196,8.120834535,7.69940726,7.094994996,0,0,0.392537245,4.969561367,0.209578134,0,0,0,0.5548835,TCGA-75-6206-01
LUAD,Tumor,10.36948578,7.068164489,6.622435203,7.76677246,6.142853613,7.454772535,7.499889414,8.524564144,0,0,2.588716314,3.137846779,1.691163394,0,0,0,1.92085045,TCGA-50-5946-02A
LUAD,Tumor,8.996461091,6.354450468,6.0414895,6.0414895,6.122734293,8.003676967,7.452328743,5.278368572,0,0,2.267751812,2.415771103,0.230746535,0,0,0,0.760235427,TCGA-64-5774-01
LUAD,Tumor,8.40329225,5.5546577,5.613119059,4.10416663,7.388147871,9.752768924,9.954655723,7.337032136,0,0,1.844657212,4.157520109,1.199020845,0,0,0,0.720645332,TCGA-05-4418-01
LUAD,Tumor,10.2590035,6.245323606,5.658387052,6.590809945,8.225180164,10.39199888,9.987650944,8.287834623,0,0,0,5.474721926,1.142391871,0,0,0,1.142391871,TCGA-64-1677-01
LUAD,Tumor,9.835850575,7.096550696,6.601137602,5.597098629,6.064619197,8.559712808,6.991329062,6.480140416,0,0,2.211823365,4.621285713,0,0,0,0,0.447060738,TCGA-55-8507-01
LUAD,Tumor,7.657160261,6.286754204,5.779699161,3.923248558,7.095731869,9.839729415,8.548296518,8.109457453,0,0,0.901197081,3.358193685,0,0,0,0,0.194846033,TCGA-86-8668-01
LUAD,Tumor,8.089066063,6.277757319,5.653281192,4.051126092,7.898159312,10.84071031,10.11241253,6.561678045,0,0,1.200440322,5.006941841,1.200440322,0,0,0,0,TCGA-49-4506-01
LUAD,Tumor,8.674417064,5.304609494,5.181321046,4.800577528,5.256550875,7.384295348,7.237280958,7.154470818,0,0,0,2.627495247,0,0,0,0,0,TCGA-49-4510-01
LUAD,Tumor,8.46725907,6.113299998,5.718691696,3.746855449,7.191571435,10.5743129,8.630892273,7.760244137,0,0,1.93876868,4.86393092,0,0,0,0,0.284493997,TCGA-78-8655-01
LUAD,Tumor,9.658062679,6.90656867,6.560306311,5.730307908,8.401898276,11.45546337,10.33169267,8.382198206,0,0,1.87325412,4.642252002,0.374013397,0.374013397,0,0,0.374013397,TCGA-55-6979-01
LUAD,Tumor,7.820680486,5.200949281,4.790624164,3.568343114,6.918474027,7.402670126,8.0317777,6.264501864,0,0,0.846968219,4.251795883,0,0.969720399,0,0,0.564846389,TCGA-44-A47F-01
LUAD,Tumor,10.66592642,7.569469294,6.925125279,6.915758402,6.46430946,9.356969707,7.44313532,5.78318763,0,0,3.299797653,2.611655637,0,0.668892471,0,0,0.668892471,TCGA-91-8499-01
LUAD,Tumor,9.734207621,5.958096711,5.679529052,4.950710694,7.565269425,10.47004889,9.100830265,6.771093727,0,0,2.252226408,3.597449771,0.460918664,0,0,0,0.809690197,TCGA-50-7109-01
LUAD,Tumor,8.201405354,5.456128364,4.933050605,4.949766306,7.722634862,7.264244419,8.196161149,8.158908047,0,0,1.475114463,5.55776153,0,0,0,0,0,TCGA-97-8547-01
LUAD,Tumor,10.29270323,7.451819809,7.350325802,6.051039756,8.326593064,10.76738662,9.611936405,8.721170488,0,0,1.329804445,4.370018748,0.899147008,0,0,0,2.009838379,TCGA-49-4514-01
LUAD,Tumor,10.05101125,5.935012231,5.874636584,4.147058358,6.551194098,8.993258834,8.099727201,7.679105569,0,0,1.172340934,4.213564797,0,0,0,0,0.876445829,TCGA-78-7153-01
LUAD,Tumor,9.189361229,6.554303784,6.306131247,4.831226717,8.32570947,10.93440378,10.24280664,7.648139728,0,0,1.739759551,4.757179992,0,0,0,0,0.492541322,TCGA-55-6971-01
LUAD,Tumor,7.937485323,5.72478084,4.817711914,4.995294333,6.347485202,8.422218702,8.014449587,6.610541668,0,0,1.228538588,2.330525702,0,0,0,0,0.41772994,TCGA-MN-A4N4-01
LUAD,Tumor,10.15220147,7.121061666,6.695020334,5.807025409,7.205067317,10.10972275,9.510437955,6.465817604,0,0,1.306187565,4.506199374,0,2.470238534,0,0,2.73248803,TCGA-55-6968-01
LUAD,Tumor,9.006487859,6.93749587,6.322331362,4.642520848,6.93749587,10.29334412,8.967116348,7.084736788,0,0,1.888156409,3.432073481,0,0.744509884,0,0,1.23315794,TCGA-49-AARE-01
LUAD,Tumor,9.548156998,6.637771187,6.326427168,4.289544348,9.293825343,11.19837681,8.867961903,9.579840161,0,0,1.730969429,5.04817222,0,0,0,0,0,TCGA-69-8254-01
LUAD,Tumor,9.71228431,6.234611526,5.886048604,5.383445137,8.235831951,10.95282725,10.46793654,9.311200207,0,0,1.747174256,5.417941807,0,0,0,0,0.153465533,TCGA-49-6761-01
LUAD,Tumor,8.329901356,5.278070897,4.5415193,4.384357659,7.045555491,9.883450309,8.232643558,10.08264816,0,0,0.285119275,4.778196536,0,0,0,0,0.285119275,TCGA-50-8459-01
LUAD,Tumor,9.762966706,7.436411514,7.158798249,4.503116728,6.860018469,9.721753769,8.083335753,9.493537483,0,0,2.020991758,4.494631294,0,0,0,0,0.73545199,TCGA-69-7980-01
LUAD,Tumor,8.836650839,5.83689181,5.391108075,4.668177344,6.273371296,10.35444921,7.954982063,7.301434727,0,0,0.823172167,4.880872094,0,0,0,0,0.253775114,TCGA-69-8253-01
LUAD,Tumor,10.45261178,7.242694167,6.590466899,5.621511931,8.736702356,11.39481133,8.543613546,7.989909651,0,0,2.633853843,4.233642453,0.630485619,0,0,0,0.349413971,TCGA-95-7947-01
LUAD,Tumor,9.987459827,7.171837458,6.92767092,6.814174705,7.989472212,10.28787826,8.07048361,9.047145389,0,0,2.845621318,3.970750417,0,0,0,0,0,TCGA-62-8394-01
LUAD,Tumor,8.4581079,6.386344288,6.112734928,4.308727677,7.130379584,10.76335115,8.191368281,8.295766327,0,0,2.337617478,5.487796117,0,0,0,0,0,TCGA-95-8039-01
LUAD,Tumor,9.910623288,6.047246435,5.851284781,4.82071774,7.232826648,11.575874,8.881572071,8.288425084,0,0,1.306578979,5.806405703,0,0,0,0,0.198310583,TCGA-55-6986-01
LUAD,Tumor,9.58280158,6.555166888,5.975242591,4.94290724,6.751138039,9.445164429,7.683317859,7.886749041,0,0,2.251735148,4.357331361,0,0,0,0,0,TCGA-97-8176-01
LUAD,Tumor,9.447396654,6.279058096,5.832770721,5.417453736,7.978742527,11.69049357,10.94286646,9.433237074,0,0,1.515824457,5.231607819,0,0,0,0,0.695881599,TCGA-49-AAR4-01
LUAD,Tumor,8.390487759,4.842003049,4.057064982,3.89144806,6.879459497,7.320688143,7.909877007,7.389612592,0,0,1.139799516,4.057064982,0,0,0,0,0,TCGA-35-3615-01
LUAD,Tumor,8.169124139,6.093195442,5.729288025,3.906801915,6.784870002,9.355374494,7.75025835,8.459859429,0,0,0.555588446,4.32038474,0,0,0,0,0.248421893,TCGA-62-8397-01
LUAD,Tumor,9.162280504,6.095637793,5.929074182,5.248204332,6.994213234,10.8844034,8.498582023,7.383535539,0,0,1.251488243,5.961405426,0,0,0,0,0.870677196,TCGA-05-4417-01
LUAD,Tumor,8.908882703,6.02083599,5.41064991,4.047125221,9.373792854,10.56177082,9.571654831,8.130321265,0,0,1.289698155,6.856227827,0,0,0,0,1.059062417,TCGA-97-A4M2-01
LUAD,Tumor,8.359861357,5.314083975,4.895675269,3.762619362,5.403957303,8.764405064,7.207714807,6.853553654,0,0,0.51216417,3.716591163,0,0,0,0,0.51216417,TCGA-97-A4M3-01
LUAD,Tumor,8.881524916,6.127087647,5.690210818,5.823058286,7.835619414,9.954299896,10.74262819,8.372242918,0,0,1.411472888,7.081797119,0.871877548,0,0,0,3.340629489,TCGA-44-2668-01
LUAD,Tumor,9.684919514,6.411093635,5.935362575,5.079564101,8.649288642,10.01992148,8.993592928,7.760170658,0,0,1.061131938,5.203856956,0,0.520675688,0,0,2.015208873,TCGA-49-AAR0-01
LUAD,Tumor,8.340646556,6.211702391,5.543591029,4.30886009,7.923882521,9.586705709,8.058740636,8.682722219,0,0,1.057685243,5.280051823,0,0,0,0,0.282520463,TCGA-97-A4M1-01
LUAD,Tumor,9.660990724,6.519815482,6.286206704,5.236009751,6.042660073,8.832648175,8.482465867,9.263214898,0,0,1.46185017,6.08734305,0.213515262,0,0,0,0.399467534,TCGA-49-4512-01
LUAD,Tumor,9.151915407,7.407130525,7.173574977,4.998821558,5.725689603,7.946766225,7.690748886,7.59494405,0,0,1.307397048,2.588520844,0,0,0,0,0.372939843,TCGA-86-7711-01
LUAD,Tumor,8.437241216,5.47404806,5.202232769,2.177220667,6.649926553,8.767112355,7.691347256,8.550014688,0,0,1.120531768,4.376214176,0,0,0,0,0.47656211,TCGA-86-7713-11A
LUAD,Tumor,8.139998575,5.758338972,5.486447559,2.539741232,6.171136697,8.419353613,7.723551688,8.716722802,0,0,0.734756869,5.662283273,0.22160367,0,0,0,0.871958744,TCGA-44-7667-11A
LUAD,Tumor,10.04460487,6.993890354,6.583983796,6.786972341,10.1004313,12.54647511,11.59440938,9.454872912,0,0,2.091233358,6.009228779,0,0,0,0,0.446094215,TCGA-44-6775-01C
LUAD,Tumor,8.604985032,5.57010944,5.406030876,2.8248098,5.681213417,8.835224408,7.537058853,8.499345364,0,0,0.626039098,3.385955834,0,0,0,0,0.407073159,TCGA-49-6745-11A
LUAD,Tumor,8.64238689,7.28768817,7.013281699,4.689232896,6.160807312,9.329044546,8.111750623,7.603784692,0,0,2.580726788,1.013733086,0,3.082977751,0,0,1.370338398,TCGA-35-5375-01
LUAD,Tumor,9.953399474,6.382143645,6.252545452,5.182630807,8.362396691,11.41751754,9.258977331,9.541574471,0,0,1.60760113,5.52493572,0,0,0,0,0,TCGA-80-5607-01
LUAD,Tumor,9.832283107,5.979701046,5.942342709,5.970451751,4.776900673,8.339089498,6.578489204,8.708737207,0,0,2.732482603,4.689410825,0.265007144,0.488808043,0,0,3.147965694,TCGA-55-8094-01
LUAD,Tumor,8.565287573,6.773013339,6.021332808,4.757827762,6.380424267,9.289396065,8.295783419,7.335172585,0,0,0,5.281635275,0,0,0,0,0,TCGA-05-4430-01
LUAD,Tumor,8.399433857,5.376004984,4.671133523,4.450603568,8.327371295,9.89724581,9.089887299,8.130727935,0,0,1.265693726,5.252363807,0,0,0,0,0.679782288,TCGA-91-A4BD-01
LUAD,Tumor,8.224043849,4.990273457,4.472242037,2.869555202,6.8587915,9.03089622,8.564128762,8.24219176,0,0,0.589449031,4.833123712,0,0,0,0,0,TCGA-55-7910-11A
LUAD,Tumor,9.352600135,6.714578783,6.466307127,4.17024276,6.897574083,10.39651284,8.774463853,9.022148651,0,0,0.48552266,5.062102581,0,0,0,0,1.26323096,TCGA-55-7724-01
LUAD,Tumor,7.894202098,6.034805916,5.498850897,5.241114879,7.416279508,8.929977659,8.247806317,8.849180486,0,0,2.283045817,5.127745976,0.589185335,0,0,0,0.742031226,TCGA-50-6593-01
LUAD,Tumor,9.114432718,6.101349245,5.486456731,5.76260177,6.917144656,8.768938713,7.954120183,7.319918663,0,0,0.628191268,3.17032922,0,0.241077458,0,0,0,TCGA-86-8674-01
LUAD,Tumor,9.60414795,5.471003274,4.912139227,5.36658796,6.913297567,8.864588885,9.841775923,8.519771781,0,0,2.034475631,5.69450443,0,0,0,0,0,TCGA-38-4629-01
LUAD,Tumor,8.471263268,6.732739925,6.571393764,4.236504175,8.376741567,10.39920594,10.26892156,7.821845053,0,0,1.457441951,5.010679777,0.255830627,0,0,0,1.457441951,TCGA-05-5420-01
LUAD,Tumor,9.601622694,6.409602929,5.98083837,4.891768736,7.690637394,9.88199976,7.000487718,9.404888497,0,0,1.24248483,5.706727494,0,0,0,0,1.24248483,TCGA-55-8090-01
LUAD,Tumor,9.693115278,6.083026189,5.732828909,5.3541289,5.988547817,8.006957612,7.677287071,6.238905583,0,0,1.935042154,4.917486751,0.167072701,0.167072701,0,0,0.316789886,TCGA-44-8119-01
LUAD,Tumor,10.01124699,6.66441928,6.486329115,5.335149069,7.646170795,10.44605765,8.985550204,9.648581075,0,0,1.922150646,5.597766211,0,0,0,0,0.695968877,TCGA-55-7994-01
LUAD,Tumor,8.225615928,5.135513405,4.72876247,4.160231744,5.668269662,8.05297994,8.868342013,7.172719379,0,0,2.300257589,5.302665607,0,0,0.477724985,0,0,TCGA-44-4112-01
LUAD,Tumor,8.771438126,6.760144857,6.480070617,5.872095433,7.692753764,10.57846448,9.541678833,7.795067213,0,0,2.212258356,4.587797915,0,0,0,0,0.131763308,TCGA-73-7499-01
LUAD,Tumor,9.101956825,5.663162762,5.199002975,5.032410205,6.339110512,9.926771727,7.901547937,7.210408221,0,0,0.71453128,5.011061951,0,0,0,0,0.401056988,TCGA-73-7498-01
LUAD,Tumor,9.539936369,6.671893342,6.396816555,5.156946745,7.548525241,11.54206914,9.544828599,8.637229527,0,0,0.928323322,5.178692335,0.239536133,0,0,0,0.239536133,TCGA-55-8301-01
LUAD,Tumor,10.44990374,7.09533636,6.387986398,4.635969967,7.368565312,11.19226446,10.01827968,8.468855967,0,0,3.179173108,5.976906057,0,0,0,0,0.389476503,TCGA-95-7944-01
LUAD,Tumor,8.45810203,6.27990105,6.059180836,3.768793781,7.179815859,9.958778025,8.257271715,7.74996037,0,0,1.249688652,4.093856679,0.298247734,0,0,0,0.5452765,TCGA-55-7573-01
LUAD,Tumor,8.738989803,5.747638131,5.365755972,4.178220806,7.415392826,10.97738503,9.037673584,9.127277323,0,0,0.981727006,4.394259357,0.340120136,0,0,0,0.340120136,TCGA-75-7030-01
LUAD,Tumor,8.462121911,5.813798709,5.594709172,3.043692887,7.418311033,8.971846948,7.946522616,8.633135851,0,0,0.930358119,5.376160578,0,0,0,0,0,TCGA-44-7660-11A
LUAD,Tumor,9.299720247,6.955082772,6.757259693,3.931098203,5.273902919,7.711488767,7.276597643,7.499482545,0,0,2.053905817,3.645320878,2.053905817,1.67486511,0,0,0.865788986,TCGA-78-7220-01
LUAD,Tumor,8.621207046,5.532952596,5.351364124,5.7486623,8.615725041,10.11875332,9.1592033,7.279100053,0,0,1.580736916,4.279385266,0,0,0,0,0.32066143,TCGA-MP-A4SW-01
LUAD,Tumor,10.29301549,6.503466029,6.313740841,7.030310617,8.465985844,10.85901032,9.839052429,8.039003497,0,0,1.71955628,4.185877326,2.588973863,0,0,0,1.002408011,TCGA-75-7031-01
LUAD,Tumor,8.131797595,6.493459332,6.136266108,4.906415582,5.96647795,8.36661722,7.125974279,8.527928151,0,0,1.126490556,3.99178993,0,0,0,0,0,TCGA-86-8278-01
LUAD,Tumor,8.369256005,5.830110708,5.384402733,4.779267128,6.259280058,9.263769807,7.519801119,6.645161628,0,0,1.05658769,1.989144822,0,0.344829633,0,0,2.084070049,TCGA-NJ-A55R-01
LUAD,Tumor,8.832561216,5.060940704,4.675061198,4.18862793,6.180920015,8.566520574,7.10679233,7.149874762,0,0,1.031774877,2.511067966,0,0,0,0,0.60622332,TCGA-49-4486-01
LUAD,Tumor,9.2228952,5.635325465,5.505229151,4.584292935,6.160378895,8.499081586,8.46130292,6.482988287,0,0,0.831296804,2.690413743,0,0,0,0,0.474713263,TCGA-55-A48Y-01
LUAD,Tumor,8.801999368,6.144310669,5.531068744,4.099004953,6.435984507,9.531037444,8.008181623,8.317306429,0,0,1.593147691,5.759267068,0,0,0,0,0.518262184,TCGA-91-8496-01
LUAD,Tumor,10.04889891,5.721503798,3.404095603,4.46527978,0,11.44136794,5.494925552,7.71408337,0,1.544591717,2.273345501,4.696204803,0,0,0,0,0,TCGA-44-2655-11A
LUAD,Tumor,7.848905343,5.199184062,4.60684898,4.790027617,8.022145221,11.13199802,10.48064193,7.027684258,0,0,2.008611662,5.188347907,0.350388617,0,0,0,1.070126184,TCGA-MP-A4TJ-01
LUAD,Tumor,9.77062385,7.450438865,7.255749435,4.845877645,8.144623827,11.84398573,9.657973254,8.337033649,0,0,2.054600889,5.042794946,0,0,0,0,0.275348008,TCGA-49-4487-01
LUAD,Tumor,9.91583041,6.612370429,6.078999551,6.822119295,6.705263743,8.152962968,7.555933569,11.1172912,0,0,2.152165243,6.373528556,1.542930573,1.103205546,0,0,0.467563296,TCGA-64-5775-01
LUAD,Tumor,8.879001506,6.420389275,6.067690253,4.439113583,7.670237364,10.87688187,8.779839063,9.251027141,0,0,1.744764748,5.979042415,1.269536505,0,0,0,1.842593525,TCGA-44-7661-01
LUAD,Tumor,9.303712036,6.344223105,6.058318985,5.10163142,6.755579429,8.140156942,6.310262657,6.829371258,0,0,1.348512885,3.759559817,0,0,0,0,0,TCGA-55-8615-01
LUAD,Tumor,9.019909098,6.35519518,6.230784302,5.218177814,6.381443278,8.130693129,7.910446529,6.381443278,0,0,2.778638377,3.302790025,0,1.702494428,0,0,1.487335075,TCGA-75-6211-01
LUAD,Tumor,8.913801597,6.104896728,5.764610542,4.622187968,6.351536373,6.655424462,5.903631861,5.485169921,0,0,2.019793347,2.454450716,0,0.688002165,0,0,0.688002165,TCGA-MP-A4TE-01
LUAD,Tumor,9.297219779,6.754788875,6.569835593,3.591998651,8.829590635,12.51978366,9.888167911,9.077847967,0,0,1.410775259,4.090435886,0,0,0,0,0.634995587,TCGA-38-7271-01
LUAD,Tumor,10.77929223,6.823280319,6.162389717,6.505535276,6.417813233,9.475050946,7.958945887,8.078190888,0,0,2.258059963,5.835964182,0,0,0,0,0.395380925,TCGA-62-8399-01
LUAD,Tumor,9.915506933,6.711968495,6.261308583,5.182548776,6.743631252,8.790420358,8.948218556,6.769030039,0,0,1.906575092,1.639118225,0.508885983,0,0,0,1.181962503,TCGA-49-AAR2-01
LUAD,Tumor,10.07601474,6.95633035,6.425355772,5.485554861,9.855568913,11.09686716,8.440111801,7.416938215,0,0,2.051769528,4.723074997,0,0,0,0,0.569512479,TCGA-86-7953-01
LUAD,Tumor,8.528673997,5.989541893,5.725228516,3.903854955,7.699300982,9.541928654,8.458404895,9.004513836,0,0,1.18998961,5.739140701,0.173960182,0,0,0,1.482391917,TCGA-75-5126-01
LUAD,Tumor,9.167238029,6.741455121,6.306407567,5.175767811,7.43611573,9.750424756,8.195734567,8.303809072,0,0,1.611842806,5.742334823,0.247255517,0,0,0,0.45827175,TCGA-86-8055-01
LUAD,Tumor,9.59863722,5.976022949,4.372242761,4.865764394,5.976022949,12.8768435,6.73590522,8.226233548,0,0,2.729308258,4.794365696,0,0,0,0,0,TCGA-44-2665-11A
LUAD,Tumor,9.290436815,6.746557786,6.380812499,5.674384323,6.465238992,8.132980072,7.761234623,6.29673309,0,0,1.960341186,3.702958794,0.383356483,0.685935665,0,0,1.714924661,TCGA-55-5899-01
LUAD,Tumor,9.414853382,6.147031486,5.761255164,4.511860603,6.349520321,8.852691251,8.235367327,6.096467016,0,0,0.817815604,2.355796056,0,0,0,0,0,TCGA-86-8359-01
LUAD,Tumor,9.937409379,6.159662464,6.159662464,6.808535478,5.000696203,6.872421769,6.687466837,5.509361982,0,0,3.325195703,2.462402608,0,0,0,0,2.462402608,TCGA-05-4420-01
LUAD,Tumor,9.306130939,6.260728046,6.056568182,5.155862101,6.904278204,10.16935481,8.645493772,7.93138719,0,0,1.168274897,5.032987793,0,0,0,0,0.187264806,TCGA-49-AARN-01
LUAD,Tumor,9.782855915,6.134625676,5.768683623,5.543757054,7.820779228,10.93486053,9.391372281,8.876753634,0,0,3.922840827,5.637975713,0,0,0,0,1.364059134,TCGA-38-4625-01
LUAD,Tumor,8.876402469,6.148489334,5.541061045,4.90785063,4.698061418,8.620733704,7.737593325,8.062873567,0,0,1.59998328,3.783329562,0,0,0,0,0.367594722,TCGA-55-8505-01
LUAD,Tumor,8.742322992,6.735695464,6.193506239,4.251464005,8.064144522,11.35038355,9.290746501,8.418195658,0,0,2.055945619,5.952039615,0.53721256,0,0,0,0.53721256,TCGA-99-8028-01
LUAD,Tumor,8.937058011,6.407993102,6.156665944,4.666649067,7.485146706,9.037979783,8.20340223,9.090734881,0,0,1.18835851,3.451056249,0,0,0,0,0.577147936,TCGA-38-6178-01
LUAD,Tumor,9.036773344,5.840050886,5.586163165,5.352280066,7.467934716,9.433374235,8.435887301,8.210334846,0,0,1.019398045,3.297606994,0,0,0,0,0.269529923,TCGA-44-A4SU-01
LUAD,Tumor,10.21860603,7.38458962,6.918314587,5.132938787,6.982093063,10.8296649,9.555357605,10.02156592,0,0,2.46003349,5.295337471,0.567924081,0,0,0,1.382922849,TCGA-83-5908-01
LUAD,Tumor,8.133513771,5.368307919,4.765504513,3.676040784,7.707670955,7.924788274,8.438224151,7.765346574,0,0,1.435782189,5.214167868,0,0,0,0,1.060174003,TCGA-55-6543-01
LUAD,Tumor,9.965264239,6.653165162,6.179633101,6.589686228,6.222116312,6.488902222,8.541140225,7.371861379,0,0,0,4.502232823,0,1.058748027,0,0,0,TCGA-64-1678-01
LUAD,Tumor,10.03956509,6.859510051,6.645437354,4.87518827,8.446046875,12.15462671,9.433179088,8.142270565,0,0,0.721757618,5.411024601,0.282614163,0,0,0,0.899629641,TCGA-91-6835-01
LUAD,Tumor,8.469120359,6.066745274,5.961484747,4.312218618,8.425637843,10.07630618,9.582176162,9.458181265,0,0,1.062407735,3.432388896,0.787106442,0,0,0,0.446579146,TCGA-69-7761-01
LUAD,Tumor,9.154471157,5.970623269,5.510251913,5.395218649,7.715951107,10.82419877,8.861827396,9.612139356,0,0,0.735814153,6.00465853,0.414317415,0,0,0,0.584003271,TCGA-49-AARO-01
LUAD,Tumor,10.2329172,7.219343086,7.155727166,7.808170124,6.737783605,6.269099705,8.28738888,8.947704631,0,0,2.60286161,2.132007219,0,1.890102273,0,0,4.802037615,TCGA-44-5644-01
LUAD,Tumor,9.317622088,6.324485582,5.817606886,5.569730833,8.333218622,10.952397,9.752644748,8.164405511,0,0,2.72375251,4.529433178,0,0,0,0,0.992242005,TCGA-MP-A4SV-01
LUAD,Tumor,8.258562491,4.889062092,4.490163256,2.98677261,7.230367602,8.503108767,7.795726693,8.166491924,0,0,0.29971356,2.230938625,0.547744952,0,0,0,0.29971356,TCGA-97-7938-01
LUAD,Tumor,8.932206001,6.00991582,5.614016507,4.320462799,7.633209158,10.78060728,8.736271846,7.5120474,0,0,1.55243462,3.843590264,0,0,0,0,0.610902233,TCGA-53-7626-01
LUAD,Tumor,9.467416977,6.533272132,6.220672786,4.488760172,8.410321386,11.6186576,9.539537106,7.791375695,0,0,1.001745326,4.681424695,0,0,0,0,0.263616176,TCGA-86-8076-01
LUAD,Tumor,8.21912766,5.26383702,4.541005209,2.727707247,7.002133081,8.564814947,8.53567908,8.329955481,0,0,1.057652669,3.639735745,0,0,0,0,0.518652967,TCGA-91-6835-11A
LUAD,Tumor,9.070764702,6.946122136,6.659213165,6.673569992,9.144766734,10.88200922,12.99243142,9.326099753,0,0,1.595321761,6.860867153,0,0,0,0,2.011649132,TCGA-35-4123-01
LUAD,Tumor,9.161863473,5.410679315,5.166767778,2.820746532,7.487568653,8.713805222,7.303434341,8.561411987,0,0,0.940341179,5.569869944,0.451638943,0,0,0,0.451638943,TCGA-44-7659-11A
LUAD,Tumor,8.897638543,6.150841933,5.677272566,4.03365954,7.60968127,10.45718171,9.535733187,8.325641803,0,0,1.4375644,6.649777811,0.390293483,0,0,0,0.390293483,TCGA-55-8621-01
LUAD,Tumor,8.20690826,5.216082658,4.771132984,4.864559587,7.236460492,10.81409093,8.459877121,7.983545388,0,0,0.449279279,4.183630221,0,0,0,0,0.791368173,TCGA-49-4501-01
LUAD,Tumor,8.026964986,4.685059354,4.553153301,5.040752668,6.81357693,9.077988149,8.652603261,5.988344421,0,0,1.484462991,3.254158478,0,0,0,0,0.535588178,TCGA-44-3918-01
LUAD,Tumor,8.357862489,5.383102555,4.722873474,4.3758287,7.33908298,9.595647853,9.256410517,8.25114912,0,0,0,5.782441539,0,0,0,0,0.853265934,TCGA-44-2655-01
LUAD,Tumor,8.930597904,5.539824965,5.198808864,4.553894779,7.426456947,9.400929879,9.082144397,7.494779567,0,0,1.582539143,3.794581494,0,0,0,0,0.240448669,TCGA-86-8672-01
LUAD,Tumor,8.285098324,5.31242612,4.891585855,2.08839944,6.074374309,8.203511323,6.71748688,8.693837204,0,0,0.198937895,4.134180271,0.37373729,0,0,0,0.670306476,TCGA-78-7540-11A
LUAD,Tumor,8.664532329,5.494150377,5.16700259,4.150968382,6.886979588,10.2471226,8.474650347,8.645898318,0,0,1.099678974,6.036656738,0,0,0,0,0,TCGA-97-8552-01
LUAD,Tumor,8.940408766,6.108999443,5.902056716,4.44312218,5.399757522,8.15143229,7.34860698,7.272653904,0,0,1.593412577,3.998922716,0,0,0,0,0.365392434,TCGA-78-7148-01
LUAD,Tumor,8.024491306,5.492268148,5.333360543,6.250117058,7.414444745,8.451909158,8.432436139,8.29902036,0,0,0,4.713370842,0.66615576,0,0,0,0,TCGA-67-3770-01
LUAD,Tumor,9.638189592,6.936914757,6.666859409,6.013137282,6.529884711,8.305684652,7.805796975,8.511527473,0,0,1.973896664,5.158700645,0.274008739,0,0,0,0.274008739,TCGA-44-7662-01
LUAD,Tumor,9.292040326,6.551717366,6.196874043,4.050555417,8.079940156,11.18528097,10.52651728,7.782735303,0,0,1.906027028,4.248919367,0,0,0,0,0.384388054,TCGA-44-6145-01
LUAD,Tumor,8.58394332,5.944226168,5.509748786,3.696024537,5.912234408,8.022783937,8.002307356,6.907179514,0,0,0.658758061,3.584449892,0,0.254482783,0,0,0.470734677,TCGA-69-A59K-01
LUAD,Tumor,9.175184418,6.190240331,5.549409561,5.365256605,6.846885152,9.512866451,8.565584355,7.828782895,0,0,3.372030205,6.591028526,0,0,0,0,0,TCGA-38-4626-01
LUAD,Tumor,10.0864825,8.003863488,7.763614665,5.625383393,6.711942334,10.53844951,8.457156803,6.994539482,0,0,1.439354519,3.404245505,1.393083908,0,0,0,0.329753938,TCGA-91-6840-01
LUAD,Tumor,9.695149209,6.586507896,6.172474914,5.855538685,7.728902759,10.21677721,8.711814498,8.580635767,0,0,1.463729687,4.971267174,0,0,0,0,0.400181584,TCGA-55-6981-01
LUAD,Tumor,8.406789008,5.840070808,5.463397672,2.73851537,8.996437022,9.533072179,8.683361691,8.206322921,0,0,0.749199567,6.156953135,0,0,0,0,0.539934989,TCGA-55-7570-11A
LUAD,Tumor,8.12023628,5.328461958,4.911680127,5.722024049,7.3708335,10.35235401,8.990831401,8.975152367,0,0,1.502359119,5.352933767,0.297639859,0,0,0,0,TCGA-62-A46R-01
LUAD,Tumor,11.22636768,7.399250611,7.090960147,6.798906802,4.903993546,8.43022928,6.052564573,7.520355558,0,0,2.857185602,3.485659443,2.368489839,0,0,0,0,TCGA-86-8054-01
LUAD,Tumor,9.573672662,6.638534499,6.387637432,4.619223358,6.654605499,8.616907448,8.237344719,8.079636805,0,0,1.62882631,3.967932923,0,0,0,0,0.982986641,TCGA-05-4405-01
LUAD,Tumor,9.543811118,5.395463188,5.116663263,4.314854054,6.054690983,8.453489693,7.574174315,7.102494129,0,0,1.067485904,3.116106373,0,0,0,0,1.402540464,TCGA-62-A46S-01
LUAD,Tumor,8.595091899,5.649835812,5.400945577,4.842864668,6.438710328,8.273821516,8.239069291,7.699391997,0,0,1.614755539,4.915091231,0,0,0,0,0.372569928,TCGA-97-7554-01
LUAD,Tumor,8.047160385,5.304483662,4.721792992,4.901563817,6.453983565,8.426983826,7.739654471,7.502554374,0,0,1.459890585,5.20527274,0,0,0,0,0,TCGA-73-4675-01
LUAD,Tumor,8.356662573,5.709669376,4.940584696,4.790635215,7.003645375,9.367320026,9.114136213,7.648725082,0,0,1.387809729,3.276549817,0,0,0,0,0.489751515,TCGA-MN-A4N5-01
LUAD,Tumor,9.655305781,6.676543502,5.511751357,5.935654876,5.700438414,12.14532055,7.527149841,7.504817669,0,0,3.922830935,4.112003802,0,0,0,0,0,TCGA-44-3398-11B
LUAD,Tumor,10.04825118,6.913761322,6.449671322,5.829313066,6.281808043,10.35074901,8.555745843,7.599076707,0,0,2.423301975,5.614818808,0,0,0,0,0,TCGA-93-8067-01
LUAD,Tumor,9.423819841,7.17486358,7.009435781,6.622206275,6.631726958,9.867837506,7.899315252,7.241671913,0,0,2.972429269,4.291969416,0.407213506,0,0,0,0.724426757,TCGA-49-6743-01
LUAD,Tumor,9.286711411,6.110417452,5.390831025,4.705204332,8.446572169,11.28349717,10.20462302,9.014174069,0,0,1.724133777,5.834396489,1.607785749,0,0,0,1.607785749,TCGA-55-A493-01
LUAD,Tumor,9.296223797,5.845954825,5.604950999,4.110236693,7.21228438,10.26660845,8.70255708,9.13271222,0,0,1.58406294,5.929409755,0,0,0,0,1.439720466,TCGA-49-6745-01
LUAD,Tumor,9.328031154,6.470410884,6.08817805,5.994689778,7.612894705,10.99323145,9.180240567,8.056041422,0,0,1.612789606,3.08488652,0.416827854,0.091992236,0,0.091992236,0.739829097,TCGA-44-6147-01
LUAD,Tumor,9.421923545,6.872298435,6.330482965,5.50910604,6.464930173,9.735600597,8.231521686,8.52880464,0,0,1.064675949,4.18973499,0.2849168,0,0,0,0,TCGA-55-8514-01
LUAD,Tumor,9.099164399,6.86354101,6.655142823,4.318070586,8.21221366,11.07809894,9.918161013,9.481613151,0,0,1.17830416,4.122704355,0,0,0,0,1.007543572,TCGA-55-7911-01
LUAD,Tumor,9.489051471,6.307793943,5.94585396,4.493934781,5.545400381,8.600453261,8.234273937,6.832076168,0,0,2.746893383,2.649216047,0,0,0,0,0.909870624,TCGA-62-A471-01
LUAD,Tumor,11.27163452,8.015537142,7.41308655,5.328886286,7.833017592,11.17993559,8.962190468,7.919995964,0,0,1.637106154,5.107065301,0,0,0,0,2.813473794,TCGA-44-6778-01
LUAD,Tumor,9.098795406,5.801664856,5.491603232,2.428240229,7.179350301,9.239402837,7.306148276,8.806273039,0,0,1.008139046,4.590463995,0,0,0,0,0.590394109,TCGA-55-7574-11A
LUAD,Tumor,9.911167022,6.925267623,6.599466757,5.200756216,8.778352858,11.61573138,10.49547654,9.758921368,0,0,2.228125415,6.153263677,0.69082649,0,0,0,1.723899264,TCGA-75-6205-01
LUAD,Tumor,8.819004031,5.87573547,5.298632328,4.925849446,8.764150504,10.44903268,9.398693083,8.871296005,0,0,1.481552114,6.752647142,0,0,0,0,0.442012442,TCGA-75-6203-01
LUAD,Tumor,8.478783122,5.488565909,4.993922895,5.365953257,7.473571847,10.56184151,10.18749441,8.111151673,0,0,0.753518965,4.286828893,0,0,0,0,0.753518965,TCGA-L9-A444-01
LUAD,Tumor,9.933801623,6.954235216,6.78267455,6.083465775,7.545042858,10.06207897,10.4910443,7.262539503,0,0,1.888838695,3.360181364,0,0,0,0,1.811582825,TCGA-64-5779-01
LUAD,Tumor,8.858923436,5.976671276,5.698078759,3.723599843,5.665706848,8.042416256,6.753529701,8.254262912,0,0,0.942261507,1.821395522,0.299108648,0.299108648,0,0,0.758007187,TCGA-78-7156-01
LUAD,Tumor,8.467414156,4.57348905,4.420135329,3.828400659,6.142213113,8.624871249,8.181527244,8.108102067,0,0,0,4.776706845,0,0,0,0,0,TCGA-44-2666-01
LUAD,Tumor,10.40105407,7.766376382,7.393641587,5.077898686,7.534196452,9.708689631,9.372999975,7.505208941,0,0,3.640548167,5.3483779,0,0,0,0,0.863450071,TCGA-78-8640-01
LUAD,Tumor,8.908284879,5.510672054,5.138787893,5.352670508,7.13111064,9.821020549,8.423382812,8.134073946,0,0,0.293024337,5.788547568,0,0,0,0,0.536463761,TCGA-44-6777-01
LUAD,Tumor,8.633796328,5.760564783,5.172159768,4.299862331,7.748931381,10.0202468,9.200456322,6.953788901,0,0,1.28580878,4.851242973,0.238509297,0,0,0,0.443126027,TCGA-50-5930-01
LUAD,Tumor,8.260952051,5.877015358,5.523562677,3.821214471,7.927858763,10.36338081,9.009715895,8.481200171,0,0,1.148099149,4.880659766,0,0,0,0,0.314108308,TCGA-67-6216-01
LUAD,Tumor,9.438698114,6.322232111,5.995196313,4.447565642,8.069006958,10.59318531,9.456985615,8.726087033,0,0,0.727477888,4.414676036,0.219010493,0,0,0,0.727477888,TCGA-05-4410-01
LUAD,Tumor,10.25725867,6.676842047,6.400350271,4.835855979,7.891957284,10.08098163,8.831055005,8.065351079,0,0,1.669435471,5.287864831,0,0,0,0,1.75666637,TCGA-91-6828-01
LUAD,Tumor,8.255683079,6.304993782,6.039056604,3.556771134,5.39154125,9.322014251,7.421980255,8.388449977,0,0,0.805509566,3.868813766,0,0,0,0,0.201072983,TCGA-97-8174-01
LUAD,Tumor,9.550104306,6.86858494,6.567943789,5.658873028,5.507170912,8.51833731,7.54541887,7.168723658,0,0,0.929884145,4.867309286,0,0,0,0,0.472914018,TCGA-44-6774-01
LUAD,Tumor,8.996239746,5.606469767,4.809841427,4.057396029,9.743934149,8.693717575,8.353699175,7.902183605,0,0,0.659564753,2.282155983,0,0,0,0,0.254838301,TCGA-L9-A50W-01
LUAD,Tumor,9.332335212,6.018876376,5.65659759,4.728054211,7.3884191,10.77506882,9.146538582,9.070136432,0,0,0.966558931,5.143648431,0,0,0,0,0.120010803,TCGA-55-6980-01
LUAD,Tumor,9.009617677,5.896472131,5.296949602,3.64034548,9.276960575,11.02384155,10.26439277,8.775806945,0,0,1.301123451,4.566523177,0,0,0,0,0.792524723,TCGA-78-7163-11A
LUAD,Tumor,9.181723595,5.811210186,5.288345863,3.60422306,6.114382914,9.31855629,7.197247818,8.60855666,0,0,1.209822648,6.029927404,0,0,0,0,0,TCGA-55-8207-01
LUAD,Tumor,8.718780135,6.048895185,5.560937944,4.141873429,7.525029779,10.99715994,8.458035082,8.876853338,0,0,1.401567122,4.818050733,0.303991111,0,0,0,1.524283374,TCGA-NJ-A55O-01
LUAD,Tumor,8.209094329,5.308204567,4.905253651,4.012685586,7.075296644,7.425788016,9.021686187,8.346738178,0,0,1.342597411,5.234438243,0.524944274,0,0,0,0.909010376,TCGA-50-5933-01
LUAD,Tumor,8.830663636,6.055873646,5.652163043,4.871555475,7.718173885,10.20517086,9.020943298,7.312804685,0,0,0.818986318,4.871555475,0,0,0,0,0.466844258,TCGA-86-A4P7-01
LUAD,Tumor,9.216743472,5.651677671,5.595133033,5.067201316,7.308125678,10.68641484,9.109384031,9.269640147,0,0,0.402763646,2.329259677,0,0,0,0,1.551997287,TCGA-44-6146-01B
LUAD,Tumor,8.549380561,6.098417768,5.704052333,5.825760141,8.096427014,8.215746372,10.19122261,6.821372382,0,0,1.208539109,5.357079533,0,0,0,0,0,TCGA-67-3771-01
LUAD,Tumor,8.337500599,5.407797933,5.3132944,5.057498578,7.219621378,9.419342827,8.573936671,7.884230302,0,0,0,5.659021935,0,0,0,0,1.054295598,TCGA-67-3772-01
LUAD,Tumor,7.964554839,5.432727823,4.767025574,3.284322679,7.149987603,9.002332639,8.138102466,7.445707488,0,0,1.220585035,4.266460492,0.2510331,0,0,0,0,TCGA-97-A4M5-01
LUAD,Tumor,10.21727778,6.074859537,5.775369264,5.424325443,8.318908026,10.71242633,9.4351292,7.664726253,0,0,2.789714856,4.592277803,0,0.620793768,0,0,0.853261941,TCGA-53-A4EZ-01
LUAD,Tumor,9.266080703,6.335676918,5.709692643,4.879287206,6.739148885,10.05209443,8.482644712,7.498272085,0,0,1.211804056,4.700947624,0,0,0,0,0.610236095,TCGA-99-8032-01
LUAD,Tumor,9.436663406,6.041611671,5.433588012,4.717093799,6.683639166,8.538002249,8.055723198,7.916846986,0,0,1.467408352,4.659476386,0.197996196,0,0,0,0,TCGA-86-8075-01
LUAD,Tumor,8.519094079,5.860110135,5.555387055,4.612344241,7.579303076,8.903276787,9.05309189,9.066681093,0,0,1.082113948,5.238549231,0,0,0,0,0.152785687,TCGA-55-8302-01
LUAD,Tumor,8.316715728,6.144882389,5.747750767,5.214080381,8.670627721,9.323774827,9.343388907,8.562157215,0,0,1.349337533,3.685673892,0,0,0,0,1.406617211,TCGA-05-4425-01
LUAD,Tumor,9.542890536,6.471310325,6.131073033,5.076287153,7.420624995,11.37295555,9.165994756,7.893218068,0,0,0.86038918,4.269866272,0,0,0,0,0.662223733,TCGA-55-6983-01
LUAD,Tumor,9.829557727,6.934404969,6.752356613,5.051287739,5.832623774,8.314124278,8.144440492,7.220685776,0,0,1.51919767,3.521061167,0.193535847,0.896370286,0,0,0.516709088,TCGA-75-7027-01
LUAD,Tumor,8.922984689,5.371656363,4.732727174,4.062829671,7.233527188,9.889421235,8.836374521,8.563452715,0,0,1.88499639,4.436316377,0,0,0,0,0.742765097,TCGA-62-A472-01
LUAD,Tumor,12.11940373,7.378636042,6.938697214,5.542102658,7.266367321,9.614345829,7.625194071,8.636027809,0,0,4.289546561,4.556576804,0.339236602,0,0,0,1.759489938,TCGA-78-7154-01
LUAD,Tumor,8.413754931,5.847381952,5.577771529,4.98171244,7.589941566,9.676763814,8.909103288,8.013886754,0,0,0,6.049521015,0,0,0,0,0.657457999,TCGA-67-3774-01
LUAD,Tumor,8.894469889,6.143738948,5.626179165,5.271479425,6.119122633,8.689726999,7.556561562,7.131264074,0,0,1.61642216,3.595968093,0,0,0,0,0.903001238,TCGA-86-6562-01
LUAD,Tumor,8.606356203,6.250182486,5.643063384,4.591132499,7.502998761,9.907478461,9.299603038,7.661234723,0,0,1.859360944,4.405836581,0.186931527,0,0,0,0.977010962,TCGA-95-A4VP-01
LUAD,Tumor,9.200777566,6.723828495,6.215093053,5.103948212,7.337428367,10.02990973,9.843417634,8.587629493,0,0,2.961870917,6.176104038,0.886680462,0,0,0,2.795438647,TCGA-75-5125-01
LUAD,Tumor,10.05527882,7.05609001,6.916198588,6.12724315,5.75663998,8.644170919,8.218348343,6.387414345,0,0,2.070658606,3.658085891,0.590134418,0,0,0,2.334309689,TCGA-91-6831-01
LUAD,Tumor,8.878945946,5.982935136,5.900238839,5.065828448,5.298890865,8.622268914,7.352879686,6.794540933,0,0,0.834296184,3.53235686,0,0,0,0,0,TCGA-55-6642-01
LUAD,Tumor,9.141721914,6.365834046,6.058909429,3.77486885,6.728843362,10.40629786,7.681927276,8.852466994,0,0,1.876257999,5.320312599,0,0,0,0,0.289953652,TCGA-86-8056-01
LUAD,Tumor,9.394625251,7.524270796,7.129204986,3.819439194,6.211879147,7.904674225,7.677676801,6.734713359,0,0,2.522236828,1.922583404,0,0,0,0,0.877590354,TCGA-L9-A5IP-01
LUAD,Tumor,9.211230684,5.9156904,5.658198256,4.129270321,7.408378768,10.67761549,8.305780079,9.078961412,0,0,1.474770881,4.816405969,0,0,0,0,0.216315789,TCGA-97-7546-01
LUAD,Tumor,8.929872002,6.334909853,5.902104918,3.504720806,7.78652531,9.518620899,8.153074204,7.456494558,0,0,1.214981462,4.14872655,0,0,0,0,0.731781923,TCGA-97-7547-01
LUAD,Tumor,8.447608127,5.147052821,4.841913508,2.571105443,6.860014768,8.485901852,7.368598887,8.748265429,0,0,0.579436025,3.155139293,0.220026524,0,0,0,0.220026524,TCGA-44-6776-11A
LUAD,Tumor,9.624091192,6.86525598,6.664958194,5.245757131,9.947290426,9.56721236,10.40170451,8.671192545,0,0,0.879400729,1.421814128,0,0,0,0,0.641306485,TCGA-55-7914-01
LUAD,Tumor,9.806064258,6.267063474,6.09800266,4.067871174,8.341182464,10.39674747,7.939261105,9.02721092,0,0,1.365731725,4.9959627,0,0,0,0,1.816932236,TCGA-78-7143-01
LUAD,Tumor,8.050256415,5.223013934,5.065995563,2.414959231,7.822209193,9.316227093,7.673638358,8.155096872,0,0,1.424960774,4.591533716,0,0,0,0,0,TCGA-50-7109-11A
LUAD,Tumor,8.065215137,5.389655807,4.600757984,3.357499363,7.887070122,10.84548513,10.75595453,7.95382961,0,0,1.263910577,4.712939686,0.356472887,0,0,0,0,TCGA-NJ-A55A-01
LUAD,Tumor,9.510498893,6.627096027,6.210659442,4.633287747,7.629192129,10.88071747,9.675172184,8.618472509,0,0,1.551467291,6.534959333,1.551467291,0,0,0,0,TCGA-55-8205-01
LUAD,Tumor,10.63204383,8.603370383,8.427645131,5.318202,5.543463095,8.845435231,8.412353598,9.117407774,0,0,3.856411285,3.507475754,1.845237921,0,0,0,2.039751146,TCGA-05-4415-01
LUAD,Tumor,9.300844887,6.998223569,6.670743651,7.3083887,5.240145013,8.113036385,6.697984494,5.594643611,0,0,2.771032806,2.635221552,0.595551399,1.606062197,0,0,1.556791362,TCGA-86-8358-01
LUAD,Tumor,8.546374286,5.680388078,5.218502519,2.901136054,6.760279452,9.281509832,7.767140084,8.470961676,0,0,0.798627063,4.960344291,0,0,0,0,0.798627063,TCGA-86-7711-11A
LUAD,Tumor,9.46238857,7.203083825,6.632756773,4.129347071,8.086389984,11.99323782,9.577514351,8.002120307,0,0,2.03007365,5.32804907,0,0,0,0,0.206909485,TCGA-86-8585-01
LUAD,Tumor,9.372888239,6.779848014,6.305489166,5.511750061,7.198921163,10.31708556,8.725031221,6.463388909,0,0,1.357198395,4.130207612,0,0,0,0,0,TCGA-55-8203-01
LUAD,Tumor,10.16244881,6.302153713,6.071569322,6.755567012,5.205084242,7.707131589,8.004601743,9.458882884,0,0,2.024092689,4.208201577,0,0,0,0,1.15506528,TCGA-71-6725-01
LUAD,Tumor,9.017837122,6.16196584,5.627668291,5.315860833,8.606270387,10.87323577,9.319194243,9.176858986,0,0,1.122163131,5.592916653,0.258364547,0,0,0,0.477412075,TCGA-99-AA5R-01
LUAD,Tumor,10.25263982,6.727152464,6.481876508,5.189582877,7.570342223,10.93970174,10.46062049,9.645929464,0,0,2.222712458,5.770717193,0.161324035,0,0,0,0.670446078,TCGA-55-6978-01
LUAD,Tumor,8.489267794,6.491458938,6.206065716,4.782060169,7.943431357,9.153936953,8.904844728,8.603940609,0,0,1.871428124,6.269060917,0,0,0,0,0.419937398,TCGA-44-6775-01
LUAD,Tumor,9.95040113,6.386724706,6.152410699,5.693357151,7.156718592,11.07392832,7.999250635,8.836485687,0,0,2.234538414,5.785717357,0,0,0,0,0,TCGA-97-8175-01
LUAD,Tumor,9.236681711,6.474556036,6.090950284,4.793895623,6.791700448,10.4463129,7.923392942,9.529170045,0,0,1.272409648,4.117577445,0,0,0,0,0.210755415,TCGA-86-7954-01
LUAD,Tumor,8.994226633,5.900277464,5.377912572,4.521202664,6.945158582,10.22520372,8.713277498,7.38087683,0,0,0,5.022869162,0.563103449,0,0,0,0.563103449,TCGA-MP-A4T7-01
LUAD,Tumor,8.126391361,5.60409956,5.163093723,4.171096795,8.262391305,11.64797899,8.995025805,7.950770593,0,0,1.000620226,3.586099858,0,0,0,0,0.263241177,TCGA-44-5645-01
LUAD,Tumor,8.659961421,5.828513383,5.407733567,5.753607638,5.502280695,7.7268997,8.359909385,8.112607824,0,0,3.587569858,3.825595256,0,0,0,0,0.781407558,TCGA-55-8506-01
LUAD,Tumor,10.36087689,7.357162486,7.092010995,7.494369341,4.911655011,4.760788703,8.810478313,6.587400548,0,0,3.405295887,1.877345344,6.82609869,0,0,0,1.27240487,TCGA-50-6591-01
LUAD,Tumor,8.884289817,6.206474676,5.317765185,4.650671918,8.303852265,10.5232967,9.195347694,8.218218459,0,0.577452515,1.308381846,5.872553021,0,0,0,0,0,TCGA-L4-A4E6-01
LUAD,Tumor,8.814973512,6.244942833,5.791882689,4.833688793,6.073656314,9.107557483,7.690023101,6.982673911,0,0,1.363076296,3.467659671,0,0,0,0,0.394476826,TCGA-62-8395-01
LUAD,Tumor,8.413182055,5.352671637,5.012978228,4.541525495,7.337461453,9.743069816,8.803367343,7.915611066,0,0,1.192734522,5.032003132,0,0,0,0,0,TCGA-49-4505-01
LUAD,Tumor,8.541693551,5.462705017,4.915298552,3.163001593,6.100846551,8.697283946,7.740438066,8.133492209,0,0,1.217945371,3.765369888,0,0,0,0,0.413093601,TCGA-69-7763-01
LUAD,Tumor,9.671508179,5.402608643,4.980629679,4.865896452,7.094892693,8.84759329,8.21208857,6.538970442,0,0,1.653284317,2.841627394,0,0,0,0,0.619527576,TCGA-55-8508-01
LUAD,Tumor,9.985395209,6.641651164,6.213534975,6.11024064,7.607266234,10.69724897,9.830619548,7.084701534,0,0,1.097239963,5.227371269,0,0,0,0,0.361613416,TCGA-55-8085-01
LUAD,Tumor,7.98160012,5.587997772,5.283360212,3.668278797,6.574172278,9.507905805,8.506944821,7.226987778,0,0,0.992670556,4.115430995,0,0,0,0,0.580080827,TCGA-73-4658-01
LUAD,Tumor,10.27023594,7.045773387,6.73582245,5.80748141,7.63205413,11.85029987,11.12005557,7.78469216,0,0,2.194140963,5.321830313,1.961621476,0,0,0,0.226871008,TCGA-55-6987-01
LUAD,Tumor,8.311690606,4.977151129,4.53216439,3.50743186,8.49804327,10.29144976,8.653658083,7.529486519,0,0,1.162509116,4.400882714,0.207653007,0,0,0,0.827038539,TCGA-97-A4M0-01
LUAD,Tumor,9.525519537,6.486251504,6.066156091,3.904689095,7.300083501,10.71274659,8.602166148,8.297280692,0,0,0.601859078,6.040856188,0,0,0,0,0.175579529,TCGA-55-8206-01
LUAD,Tumor,9.741991949,6.333907449,5.776595026,5.086852877,6.879013852,9.161763952,9.671735602,8.166219509,0,0,1.642416008,5.434453126,3.630056638,0,0,0,2.221898729,TCGA-75-6207-01
LUAD,Tumor,8.269787918,5.86838218,5.808957973,2.18145499,7.010930253,9.150063132,7.731271221,8.400625931,0,0,0.589914938,4.462593163,0,0,0,0,0.224516977,TCGA-55-7283-11A
LUAD,Tumor,9.829593882,6.304513853,5.802041985,4.95926517,6.019505354,8.849124101,7.560249901,7.920743792,0,0,0.734804551,5.119441342,0,0,0,0,0,TCGA-97-8179-01
LUAD,Tumor,9.329364765,8.20051296,7.773278061,8.213090325,6.192234158,8.952889847,7.168311878,9.286729941,0,0,4.302537961,4.494603968,0.554171331,0,0,0,0.30353178,TCGA-78-8662-01
LUAD,Tumor,9.255651354,5.880650168,5.783567367,4.445336185,5.850692327,6.895508491,8.083316183,7.795586905,0,0,1.144595273,2.643158218,0.26520523,0,0,0,0.489146243,TCGA-MP-A4TF-01
LUAD,Tumor,9.318865445,6.58056023,6.21878049,5.01332924,5.806682366,7.51408182,7.595508502,8.294483921,0,0,2.492241866,4.203003223,0,0,0,0,0.347266522,TCGA-64-1679-01
LUAD,Tumor,7.551065997,5.027693545,4.425680848,4.88836145,6.401818897,8.652929177,7.409842565,7.029678902,0,0,0.613481676,2.844530277,0.234684022,0,0,0,0.43647956,TCGA-L9-A443-01
LUAD,Tumor,7.673124561,5.723115856,5.253115105,4.721775224,9.833233971,10.11616357,9.752717842,7.234545417,0,0,2.123337431,4.810744619,0,0,0,0,0.704375344,TCGA-97-A4M7-01
LUAD,Tumor,7.958844977,5.280816268,4.737621763,4.036264096,7.598461773,10.86202892,10.32122477,7.339141528,0,0,0.892165618,4.760581735,0,0,0,0,0.279756538,TCGA-MP-A4TH-01
LUAD,Tumor,7.861758921,5.593631675,5.136658808,5.377758104,9.097690666,10.32736658,8.749364627,7.860790605,0,0,0.8321617,3.719564932,0,0,0,0,0.95339339,TCGA-97-A4M6-01
LUAD,Tumor,9.650009799,5.978951039,5.799381645,3.593650646,6.867374986,9.647597748,7.810332957,8.741903319,0,0,0.740763535,6.042754221,0,0,0,0,0.740763535,TCGA-44-6144-11A
LUAD,Tumor,9.003644628,6.919588683,6.653870503,5.358265645,8.464398455,10.82167955,10.88302923,9.197555387,0,0,1.273006754,7.460521614,0,0,0,0,1.559682692,TCGA-75-5122-01
LUAD,Tumor,9.481851045,7.06761597,6.873436668,4.652949746,6.970660193,9.685880786,8.162580533,7.443794062,0,0,1.39766991,4.556019786,2.031351082,0.6275312,0,0,1.063391112,TCGA-50-5072-01
LUAD,Tumor,9.127313789,6.179145772,5.727161071,6.353012415,5.701660942,9.02693605,8.171120305,8.320995488,0,0,3.1519601,5.354281335,0.549952015,0,0,0,0.947159675,TCGA-50-5066-02A
LUAD,Tumor,8.16520092,5.066820387,4.750747445,4.610069454,5.350267741,8.000750733,7.559170391,6.88116567,0,0,0.750326942,3.429995367,0,0,0,0,0.750326942,TCGA-62-A46P-01
LUAD,Tumor,8.109379283,5.292642773,4.693643234,4.292452689,6.725036594,10.02597139,9.3511601,7.375892194,0,0,0.587443725,3.81425601,0,0,0,0,0.323417341,TCGA-95-A4VK-01
LUAD,Tumor,8.79935514,5.509324639,5.490962326,2.8751134,7.92902943,10.00846623,9.108767342,8.041600107,0,0,0.656317882,4.479880352,0.253406021,0,0,0,0.468882512,TCGA-44-7670-11A
LUAD,Tumor,8.667941983,6.181900187,5.927556641,4.553021541,8.207282666,10.26296783,9.255012771,7.757537028,0,0,1.759867842,5.546725524,0,0,0,0,0.261698092,TCGA-75-6212-01
LUAD,Tumor,8.37134853,5.64361863,5.115009556,4.244149201,4.98994546,9.358594239,6.207198114,8.648721669,0,0,1.603821915,1.751196539,0,0,0,0,2.018555308,TCGA-44-6146-01
LUAD,Tumor,10.30635135,7.489386128,7.154952562,5.518767859,6.843748495,8.601253242,7.217107277,7.287464039,0,0,2.767495479,3.630653122,0.301435468,0,0,0,0.5506446,TCGA-55-7913-01B
LUAD,Tumor,10.16262888,6.330357076,6.013718371,5.751079858,7.787884666,10.3802781,10.45598931,9.078184831,0,0,1.752526819,5.827157291,0,0,0,0,0.934583681,TCGA-49-AAR3-01
LUAD,Tumor,9.251124138,5.805547872,5.293593258,6.687593578,6.168945299,7.699764191,8.101891701,7.224383846,0,0,2.479616539,4.671835753,0,0,0,0,0.297338174,TCGA-55-A490-01
LUAD,Tumor,8.742974651,5.319876459,5.064047776,4.981770244,8.334249384,9.468557557,8.266361,8.513319723,0,0,0,4.21855971,0,0,0,0,0,TCGA-38-4627-01
LUAD,Tumor,8.1789887,5.494202679,5.135588264,4.751347705,7.23777791,6.985285832,7.779168781,7.729940018,0,0,2.353247908,3.751775943,0,0,0,0,0,TCGA-62-A46V-01
LUAD,Tumor,9.19733334,6.173692865,5.706429931,4.830158306,7.853175767,10.72304835,8.854642264,9.099219985,0,0,0.985658535,3.29601036,0,0,0,0,0.451627339,TCGA-55-6984-01
LUAD,Tumor,9.933245181,6.747279865,6.577834357,6.559741617,7.734110561,8.994534419,9.075079678,8.075843663,0,0,1.280134991,3.978413391,0,0,0,0,2.115512729,TCGA-53-7813-01
LUAD,Tumor,10.91997583,6.79432006,6.453148331,4.827857682,6.246598939,7.394561463,8.111479732,7.731619522,0,0,2.569183368,2.747151694,0.831203556,3.509558279,0,0,4.2219663,TCGA-38-4631-01
LUAD,Tumor,8.729565716,5.558756267,5.381849229,2.641116856,5.164054329,9.080377104,7.048285651,8.899265228,0,0,0.852692443,4.17988537,0.48844714,0,0,0,0,TCGA-55-7724-11A
LUAD,Tumor,8.872537738,5.889025259,5.470647227,3.332260092,7.695116276,9.09040562,8.02600968,8.396872271,0,0,0.853108606,4.534540325,0,0,0,0,0.264953116,TCGA-44-7669-11A
LUAD,Tumor,8.121853475,4.962690509,4.854979208,2.285358419,5.739104778,8.627238943,7.4271478,8.049292161,0,0,1.152921293,3.162474957,0,0,0,0,0.860571936,TCGA-49-6744-11A
LUAD,Tumor,10.2429994,7.397058581,7.010717961,6.455157227,4.688334805,8.85397569,6.871619984,5.556540051,0,0,1.528893826,3.094671684,0.344121744,0,0,0,0.854500801,TCGA-86-7955-01
LUAD,Tumor,11.26168022,7.093559426,6.60591969,8.13703942,5.623842462,7.439381832,7.51513632,7.803520609,0,0,2.016728074,3.212488253,0.284061591,0,0,0,0.521287983,TCGA-91-6847-01
LUAD,Tumor,8.496758023,5.936629247,5.354080789,4.926447818,7.070129866,10.63918986,9.003381141,7.544400084,0,0,0.710066923,2.999040289,0,0,0,0,0.212843223,TCGA-55-A4DG-01
LUAD,Tumor,9.033097932,6.428840734,5.882764646,4.680164774,8.593296927,10.08209425,7.896527374,8.31149946,0,0,1.542785992,4.331680928,0,0,0,0,0.564028855,TCGA-44-6148-01
LUAD,Tumor,9.189092482,6.328511523,5.523824315,4.433928826,7.179491703,9.482390668,8.946448468,8.424353541,0,0,2.149179033,5.157896904,0,0,0,0,0.754589101,TCGA-93-A4JP-01
LUAD,Tumor,8.579807528,6.008180939,5.690229678,3.512984324,5.714281021,6.460894278,7.471619863,7.307403077,0,0,1.452067703,2.565271314,0,0,0,0,1.29081658,TCGA-78-7150-01
LUAD,Tumor,9.090398045,7.211971623,6.92462582,4.735510317,7.679365672,10.41577841,9.707349856,8.090642567,0,0,1.493240494,4.659831876,0,0,0,0,0.539829803,TCGA-05-5425-01
LUAD,Tumor,8.451215836,5.194789391,4.752196023,2.925501033,6.788117028,8.741703212,7.329808821,8.151002871,0,0,1.213798296,3.734991359,0.286778263,0,0,0,0.525893473,TCGA-50-5933-11A
LUAD,Tumor,8.674782738,6.51040158,6.389627537,4.13493603,5.915020938,8.278035631,7.410705116,6.649791259,0,0,0.824268474,2.38915542,0,0,0,0,0.470218227,TCGA-78-7149-01
LUAD,Tumor,10.07373268,6.339797744,5.950042332,6.279866961,6.830038381,8.91915648,8.275112689,7.639989148,0,0,1.602826462,3.001978561,1.249886426,0,0,0,0.831064889,TCGA-50-5946-01
LUAD,Tumor,8.31459576,6.382128441,6.094290043,4.746058284,8.760845858,12.37691658,10.06193889,8.671590643,0,0,1.214155898,4.212398836,0,0,0,0,0.46169304,TCGA-50-5055-01
LUAD,Tumor,10.16871342,6.419316504,6.02921316,5.691929065,7.480381116,11.69930235,9.837994858,8.567283733,0,0,1.730073417,5.455253727,0,0,0,0,0.659341884,TCGA-55-6985-01
LUAD,Tumor,8.270678988,6.448696918,5.822762162,4.92873126,7.148163767,10.57064226,9.225943795,7.497384639,0,0,1.911366388,5.093383589,0,0,0,0,0,TCGA-78-8648-01
LUAD,Tumor,10.51330207,6.228192175,6.031321723,3.773315736,7.686261286,9.639920478,8.210322932,9.018636525,0,0,1.564933676,3.619527929,0,0,0,0,1.105772601,TCGA-44-6778-11A
LUAD,Tumor,8.573667934,5.789471437,5.437090049,4.637484935,7.575887721,10.29566688,9.001939878,7.924065867,0,0,0.658688607,5.261682636,0,0,0,0,0.802378532,TCGA-50-5935-01
LUAD,Tumor,9.574764588,6.17089715,6.087410224,3.938695391,4.730778133,8.358419081,6.060718734,6.814533261,0,0,0.6988701,3.234752989,0,0,0,0,0.6988701,TCGA-78-7167-01
LUAD,Tumor,8.85908306,6.40871288,5.963376878,4.314044918,7.986793779,11.33250444,9.811512002,8.739306994,0,0,1.749052359,6.129379345,0.33614054,0,0,0,0,TCGA-69-7978-01
LUAD,Tumor,8.223399863,4.523977016,4.223722951,5.787395791,8.004652732,9.041114252,8.653277849,7.36174851,0,0,1.36283511,5.613030335,0,0,0,0,0,TCGA-05-4244-01
LUAD,Tumor,8.953575335,6.422788405,6.050523268,4.925453132,6.273551285,9.248024683,8.266284911,9.145593675,0,0,2.479462367,5.930298006,0,0,0,0,0.567330293,TCGA-69-7974-01
LUAD,Tumor,7.699606772,4.958811873,4.472274341,4.747387024,7.002030674,8.661811586,9.071796922,8.246451318,0,0,1.183837737,6.478621391,0,0,0,0,0,TCGA-44-3398-01
LUAD,Tumor,8.562127008,5.553525931,5.086037603,4.036603114,7.682046868,9.54114075,8.517452523,8.080166535,0,0,1.226569566,5.735084781,0.181433362,0,0,0,0.48751722,TCGA-NJ-A4YG-01
LUAD,Tumor,9.28766534,5.65496577,5.42978901,3.703770604,6.254482424,9.517538455,8.048276119,7.891695183,0,0,1.180352218,4.683317936,0,0,0,0,1.685295219,TCGA-78-7537-01
LUAD,Tumor,9.124589936,5.627602636,5.289560689,4.77135593,7.954876945,11.79735323,9.569026238,7.939063548,0,0,1.444249886,4.127176712,0.317174382,0,0,0,0.988084764,TCGA-93-A4JQ-01
LUAD,Tumor,9.225490365,7.134404212,6.513629466,4.8743001,8.111599632,11.35252972,9.121118394,9.745854032,0,0,1.481831586,5.84500048,0,0,0,0,0.442127131,TCGA-55-8510-01
LUAD,Tumor,9.293285613,5.192645529,4.701581714,4.579567507,5.168663454,7.492358047,7.279321558,6.911396075,0,0,0.929305474,4.766934383,0,0,0,0,0.680689823,TCGA-69-7760-01
LUAD,Tumor,8.579122615,5.872695883,5.124294135,3.460710722,6.666182254,9.64234533,6.956486655,9.569068745,0,0,0.944092303,5.555965907,0.206638223,0,0,0,0.206638223,TCGA-55-7284-01B
LUAD,Tumor,8.949375729,5.691438466,5.441754457,3.171864283,7.201839078,10.56060083,8.880534438,8.480338342,0,0,1.001090986,4.435040062,0,0,0,0,1.001090986,TCGA-55-7914-11A
LUAD,Tumor,7.73221756,4.851226679,4.493884007,2.544978894,6.627480538,8.204372875,6.859755388,7.854966857,0,0,0.852797094,2.983415943,0,0,0,0,0.428065188,TCGA-93-7348-11A
LUAD,Tumor,9.638143674,6.266285201,5.611488953,5.738875603,8.58919706,10.69096239,9.708576489,7.056781712,0,0,3.495721765,4.718329621,0.586379493,0.322778457,0,0,1.587794135,TCGA-55-A4DF-01
LUAD,Tumor,8.731673863,6.190175348,5.322274877,5.304127428,7.077168629,8.974769552,9.197571756,7.308692452,0,0,0,4.882986663,0,0,0,0,0,TCGA-05-4402-01
LUAD,Tumor,8.520258718,5.346456219,4.582730489,4.582730489,7.749225725,9.798168961,8.570377196,7.689425642,0,0,1.32053089,4.698200194,0,0,0,0,0.321462895,TCGA-86-A456-01
LUAD,Tumor,9.639409233,6.824558637,6.463221433,4.579498479,7.104069548,9.626601343,8.084838538,8.718694137,0,0,1.21517473,3.41851192,0,0,0,0,0.526632755,TCGA-69-7765-01
LUAD,Tumor,9.124772893,6.161172364,5.4096806,4.094620934,8.562049201,11.58208853,9.22324196,8.295217947,0,0,1.199840041,6.069406307,0,0,0,0,0.332768647,TCGA-86-A4P8-01
LUAD,Tumor,8.651489971,5.88414023,5.205474272,3.818708145,7.84821995,11.40651514,9.087870448,8.02460073,0,0,1.356587258,3.881167518,0,0,0,0,0,TCGA-50-8457-01
LUAD,Tumor,9.863746367,6.445026172,6.214180518,6.15156925,7.026453782,10.05975116,8.279509085,7.406398766,0,0,0.623434269,3.912073246,0.124447252,0,0,0,0.705426809,TCGA-80-5608-01
LUAD,Tumor,9.94380763,6.6842463,6.37171924,5.325338343,8.516191914,11.73236974,10.36799442,8.94774162,0,0,1.427217826,5.23578116,0,0,0,0,0.974749554,TCGA-86-6851-01
LUAD,Tumor,9.50084545,5.947754838,5.650922948,4.525498196,7.78750182,9.411501277,7.963672458,8.886536759,0,0,0.945358993,3.619782148,0,0,0,0,0.637286571,TCGA-64-1681-01
LUAD,Tumor,8.398977727,5.468165468,4.632935133,3.403630805,5.276120161,7.333529499,7.236856203,7.364366072,0,0,0,2.497264902,0,0,0,0,0.367800455,TCGA-44-7671-01
LUAD,Tumor,9.751331688,6.982869828,6.717109473,6.627117029,7.533600459,11.02943828,9.356781389,9.620736073,0,0,3.117451027,4.419738158,0,0,0,0,0.524838991,TCGA-55-8511-01
LUAD,Tumor,8.822845928,5.980075355,5.272069337,6.124598718,6.748941917,8.15843253,9.426016881,9.100453535,0,0,1.826660746,4.580408547,0,0,0,0,0.510480941,TCGA-MP-A4TC-01
LUAD,Tumor,8.863306681,5.691329499,5.273503842,5.565038755,6.788871425,8.84031631,8.837587313,8.228043351,0,0,1.847434948,4.38698941,0,0,0,0,0,TCGA-55-7903-01
LUAD,Tumor,9.73113135,6.088411526,5.640709995,5.122333207,7.722541272,9.76196565,10.11476423,7.534688699,0,0,2.104559422,4.940447414,2.845739728,0,0,0,2.46947264,TCGA-MP-A4TA-01
LUAD,Tumor,8.917485793,6.037464568,5.751214484,4.232506733,6.086225476,9.31983312,7.13403486,7.182329115,0,0,0.845530195,4.467182558,0,0,0,0,0.339869381,TCGA-55-8087-01
LUAD,Tumor,8.595017193,5.982808464,5.668308642,4.296991289,6.827251881,10.7755679,9.151836985,7.696643687,0,0,1.78528061,3.807243624,0,0,0,0,0.688595759,TCGA-44-A4SS-01
LUAD,Tumor,9.588693171,6.677515698,4.808872766,5.328862955,6.677515698,14.5880649,8.572753705,8.309452929,0,0,3.187267657,6.260825994,0,0,0,0,0,TCGA-44-2657-11A
LUAD,Tumor,9.476886225,5.843556297,5.388517723,6.383088294,6.33082232,8.944906744,8.410337615,6.571592539,0,0,1.715599531,4.027244217,0.296819174,0,0,0,0.753004572,TCGA-NJ-A4YF-01
LUAD,Tumor,9.489214581,6.866204184,6.623228652,4.159453924,7.074096131,10.19362699,9.132455198,7.26717359,0,0,1.776410186,3.665346606,0,0,0,0,0.287497118,TCGA-55-6970-01
LUAD,Tumor,9.523926214,6.762466036,6.132233175,4.923983933,6.101602659,9.210294226,8.32840328,5.880726489,0.154907199,0,2.210136028,3.810978745,0.422285755,0.842735916,0,0,1.093220082,TCGA-55-8620-01
LUAD,Tumor,8.520453954,6.389676765,5.915382002,4.824679731,8.699938974,10.96038989,9.730160892,7.73366345,0,0,1.622441251,3.67198398,0.272496244,0,0,0,1.295881095,TCGA-50-5941-01
LUAD,Tumor,8.486571219,5.967197687,5.919797134,4.524706939,7.30217227,10.21536643,8.531062527,9.561216259,0,0,0.743323659,4.816897225,0,0,0,0,0,TCGA-78-7539-01
LUAD,Tumor,8.475786753,6.382935347,6.065322528,4.834329612,8.925951234,11.05428831,9.818496505,7.985447586,0,0,2.252683596,4.560354664,0,0,0,0,0.474621901,TCGA-L9-A743-01
LUAD,Tumor,9.113006621,5.893744047,5.287561463,5.53980549,6.053560414,9.228781928,10.01165831,5.905765552,0,0,0.582552149,3.800629295,0.320482367,0,0,0,0.804254332,TCGA-91-A4BC-01
LUAD,Tumor,9.834111406,6.666571898,6.201655364,5.411875459,6.845133147,9.478204994,9.340575572,7.907473008,0,0,1.274753659,4.719706145,0,0,0,0,0.266391975,TCGA-99-8033-01
LUAD,Tumor,8.663077014,5.822734226,5.437358923,4.715498057,9.578773512,9.150296682,9.945916797,7.283513466,0,0,2.307100603,6.396472664,0.211579189,0,0,0,0.211579189,TCGA-62-A46U-01
LUAD,Tumor,7.813579187,5.109811519,4.571903935,5.914653254,7.050326226,7.259067293,8.021196185,9.259088892,0,0,0,6.22765822,0,0,0,0,0,TCGA-44-2665-01
LUAD,Tumor,9.285425336,6.792273095,6.374511743,6.430018005,8.146274868,10.51634667,9.732330381,7.558677352,0,0,2.743118964,4.723822231,0,0,0,0,0.858852319,TCGA-L9-A8F4-01
LUAD,Tumor,9.215618486,6.049633643,5.761337059,3.26659107,10.05777374,10.86802574,9.677281508,9.209235544,0,0,1.857822986,2.954006234,0,0,0,0,2.247755291,TCGA-55-7725-01
LUAD,Tumor,8.489696568,6.476272671,6.241376247,4.49676796,6.779927167,9.563148734,7.336953746,8.964951214,0,0,1.198247083,4.120879002,0,0,0,0,0,TCGA-55-A57B-01
LUAD,Tumor,9.915372049,7.19427052,6.733905402,5.318487713,6.288105718,8.937826251,8.209946469,7.033171356,0,0,2.438556878,4.22372882,0,0,0,0,0,TCGA-86-8673-01
LUAD,Tumor,9.340283663,6.478022063,5.932659665,5.234310165,6.358322022,8.709422591,8.165970364,8.501093952,0,0,2.211413786,4.909308209,0,0,0,0,0.220403017,TCGA-86-8074-01
LUAD,Tumor,10.4048196,6.618284738,6.492596678,8.814839946,6.728836126,8.566692489,8.090695442,6.812512896,0,0,2.122080281,3.313521302,0,0,0,0,2.240555827,TCGA-86-A4D0-01
LUAD,Tumor,9.272246136,6.476706565,6.098442445,5.587383175,7.068333591,10.37956366,9.292506942,8.061851133,0,0,1.648651808,4.373444911,0.139713089,0,0,0,0,TCGA-91-6849-01
LUAD,Tumor,7.86524996,5.212511249,5.003044614,3.877397765,8.255797867,10.5548489,9.562834308,7.634910253,0,0,0.738223076,5.017995956,1.001572402,0,0,0,0,TCGA-05-4434-01
LUAD,Tumor,9.233872153,5.85597946,5.545602554,3.329896989,6.713164768,9.450301098,8.457680165,7.494919162,0,0,1.197630793,2.723715163,0,0,0,0,0.897176907,TCGA-69-7764-01
LUAD,Tumor,9.698055574,6.227199328,5.96452328,5.719614897,7.300804825,10.35903206,9.273986062,7.944437456,0,0,1.239040532,4.389067564,0,0.539503279,0,0,2.279325087,TCGA-86-7701-01
LUAD,Tumor,9.401817687,5.69622097,4.879064938,5.729261837,6.69901663,8.687163871,7.532741242,6.589317953,0,0,1.766499756,4.712809913,1.138249598,0,0,0,0.485817332,TCGA-62-A470-01
LUAD,Tumor,9.518373869,6.402369986,5.9516681,6.133292748,7.456541171,10.7484889,9.815078221,8.966678049,0,0,1.411792839,4.497534768,0.635577032,0,0,0.352508828,1.253321298,TCGA-55-7727-01
LUAD,Tumor,9.065192694,7.036561654,6.045338098,6.506316421,6.255245029,7.936998144,7.410006377,8.705684786,0,0,3.19460133,1.920188096,0.261722159,0,0,0,1.480358196,TCGA-L9-A7SV-01
LUAD,Tumor,9.09593766,5.049465798,4.495934505,3.099337289,6.890969247,8.253546943,7.446484115,7.939826138,0,0,0.544785072,4.608747454,0,0,0,0,0.755490102,TCGA-44-7672-11A
LUAD,Tumor,8.633355226,6.050932809,5.626947758,4.76128123,6.263250155,8.339119053,7.744288187,6.569369839,0,0,2.171172233,5.037978023,0.398936962,0,0,0,0.967616475,TCGA-67-6215-01
LUAD,Tumor,10.00975438,7.870674027,7.780347308,6.160698642,7.267907875,10.26704128,8.959761173,10.15635164,0,0,0.311217106,3.856212959,0,0,0,0,0.973072667,TCGA-55-7907-01
LUAD,Tumor,9.273829725,6.47734875,5.79347487,5.652964914,7.819652787,11.15632037,8.560174828,9.315352128,0,0,1.353949358,5.047877909,0,0,0,0,0.309643037,TCGA-MP-A4T9-01
LUAD,Tumor,8.320819382,5.558647914,5.084005271,4.960546832,7.089071928,10.59245893,10.17628838,8.169898286,0,0,2.494780142,4.905815483,0.946569928,0,0,0,1.730406063,TCGA-95-A4VN-01
LUAD,Tumor,8.325648621,6.445294598,6.311938289,3.193222784,7.854970066,10.75279658,9.327469439,9.778255489,0,0,0.380422483,3.069051123,0,0,0,0,1.237412588,TCGA-97-7552-01
LUAD,Tumor,9.053012126,5.88417069,5.581118553,4.367069354,7.798913747,11.03116924,8.763089528,8.16217175,0,0,1.427118577,5.293358933,0,0,0,0,0.276360876,TCGA-49-AARR-01
LUAD,Tumor,8.561332911,5.646118206,5.19138783,4.146660191,8.393600421,10.19541725,8.086283237,8.565366782,0,0,1.428871864,4.926225534,0,0,0,0,0,TCGA-97-7941-01
LUAD,Tumor,9.733628615,6.459568898,5.733490577,6.719868585,8.480403584,8.900280822,8.721511183,9.413597336,0,0,1.111106117,6.117831889,0,0,0,0,0,TCGA-55-1592-01
LUAD,Tumor,9.287145896,5.729724872,5.266327728,3.754451315,6.799354418,10.79521378,7.968077633,7.593389322,0,0,1.029507306,5.186068865,0,0,0,0,0,TCGA-55-8097-01
LUAD,Tumor,8.752316862,4.855041621,4.729957897,3.767496432,8.01724533,10.63320202,9.04185483,8.934327687,0,0,0.67886607,4.86994127,0,0,0,0,0.927002882,TCGA-MP-A4T2-01
LUAD,Tumor,10.70291669,6.548335956,6.16556153,5.87316635,7.9560999,7.228555163,6.579709685,8.148317559,0,0,1.160003695,3.738313451,0,0,0,0,0,TCGA-97-8171-01
LUAD,Tumor,7.866124623,4.396985431,4.17047224,2.438765244,5.943553575,8.384411536,6.613810441,7.945903828,0,0,0.422380493,2.296184554,0,0,0,0,0.422380493,TCGA-55-7726-11A
LUAD,Tumor,8.868402233,6.165759383,5.941039059,3.299984721,7.91433921,10.28121813,8.979118751,9.540509425,0,0,0.461062254,4.53709512,0.248872397,0,0,0,1.52745924,TCGA-99-7458-01
LUAD,Tumor,9.564989666,6.967863072,6.667986944,5.739003107,7.642352529,11.81808149,10.32481145,9.622823303,0,0,2.284681431,6.840403208,0,0,0,0,0.60059518,TCGA-55-8089-01
LUAD,Tumor,10.35442866,7.680920808,7.483772439,6.204818328,7.148028171,10.37921817,8.01131902,7.939568096,0,0,1.563638949,4.977891863,0,0,0,0,1.563638949,TCGA-05-4424-01
LUAD,Tumor,11.08197075,7.571625029,7.245070713,6.015500268,4.832339407,8.527614638,7.616522518,6.789055497,0,0,0.576161238,2.404678637,0.576161238,3.882111061,0,0,0.894553932,TCGA-95-7043-01
LUAD,Tumor,9.602737345,7.681924016,7.490282245,6.118036417,6.394056917,9.313291978,8.502613787,8.232227874,0.422856239,0,2.246825177,3.870184285,2.139401714,0.422856239,0,0.749456178,1.240202573,TCGA-53-7624-01
LUAD,Tumor,9.162099031,5.592293802,5.32716555,6.597515174,7.184213941,8.28500484,8.553846943,9.157559476,0,0,0,6.630648143,0,0,0,0,1.485319652,TCGA-64-1676-01
LUAD,Tumor,8.805452444,6.37037746,6.011944153,4.044730272,7.333267791,8.687161921,8.271718171,7.945641136,0,0,2.676412302,3.856149501,0.224682427,0,0,0,0.881742918,TCGA-50-5936-01
LUAD,Tumor,8.748129927,5.945786624,5.654787607,4.749346866,10.14312217,10.2073398,8.849707149,7.718257243,0,0,0.974593186,3.906290694,0,0,0,0,0.716675771,TCGA-93-7348-01
LUAD,Tumor,11.75508408,8.45067376,7.966895401,7.908241954,7.481859148,9.643996224,8.351432596,7.384813195,0,0,1.412122476,3.836961573,3.455189767,1.412122476,0,0,3.455189767,TCGA-38-4630-01
LUAD,Tumor,8.372583022,6.012019223,5.756856825,5.323364088,7.085453944,9.655311261,8.452167742,8.066465378,0,0,0.952777118,5.17501937,0.117766843,0,0,0,0.511236258,TCGA-05-5423-01
LUAD,Tumor,11.77517881,6.76469173,6.582681616,6.552047779,8.260635303,11.34684453,8.987155901,10.89985055,0,0,2.07793478,6.122453171,0.681791064,0,0,0,1.268815229,TCGA-49-6767-01
LUAD,Tumor,8.382200575,5.359112438,5.023743266,4.89206116,8.673770254,11.28232847,10.30967738,7.725380451,0,0,1.816591515,5.631038521,0,0,0,0,0.395402862,TCGA-97-A4LX-01
LUAD,Tumor,10.0145899,7.011527484,6.980743635,4.692442598,4.552917919,8.170119932,7.437056657,7.6254658,0,0,1.896843388,3.53049592,0,0,0,0,1.758507434,TCGA-55-7910-01
LUAD,Tumor,8.82940088,5.233056484,4.492818866,3.928626621,6.940202453,10.89603258,8.568320109,7.276828259,0,0,0.604570486,4.389118584,0.230828906,0,0,0,0.230828906,TCGA-J2-A4AG-01
LUAD,Tumor,9.462838832,6.464924767,6.056478639,4.6876222,6.294861595,9.706485169,7.914245006,8.664844905,0,0,1.318891202,4.588669728,0.279215718,0.279215718,0,0,0.513055092,TCGA-86-8073-01
LUAD,Tumor,8.604100046,6.268132416,5.832668227,4.427629569,6.885807856,10.60783566,8.853500702,8.377428385,0,0,0.525790264,5.486251085,0,0,0,0.19732947,0.19732947,TCGA-97-8177-01
LUAD,Tumor,9.993200083,7.90390464,7.70540525,4.752996975,8.502435519,11.71762169,10.16710442,8.269105855,0,0,3.195397367,3.916007549,0,0,0,0,1.312487439,TCGA-44-5643-01
LUAD,Tumor,8.430452184,6.423646472,5.9789407,4.612650208,6.790462005,9.928191635,8.842991977,7.033866634,0,0,1.10829963,2.809568996,0,0,0,0,0,TCGA-75-5146-01
LUAD,Tumor,8.596285571,5.734662451,5.235916497,4.273700429,8.127994434,11.54203065,11.1874521,7.185038561,0,0,1.07838098,5.267486996,0.637687213,0,0,0,0.874796179,TCGA-NJ-A4YQ-01
LUAD,Tumor,9.279870001,6.243278882,5.760095677,5.812761763,6.406381699,11.09010718,8.807749574,8.254851285,0,0,1.143382969,5.368051188,0,0,0,0,0.264833046,TCGA-55-8616-01
LUAD,Tumor,9.718358412,7.843691075,7.158886952,4.95651825,8.110915044,11.85089116,9.790843021,8.030296081,0,0,2.940686027,2.586962132,0,3.665175009,0,0,0,TCGA-55-7995-01
LUAD,Tumor,9.043051187,5.710141112,5.286350054,3.590983151,8.109985073,10.15129422,9.040382127,8.882437686,0,0,0.722475642,5.498274295,0,0,0,0,0.722475642,TCGA-44-7659-01
LUAD,Tumor,10.2739381,8.067449952,8.350696408,7.786838503,7.882177883,8.703786648,9.132805538,7.828472014,0,0,0,5.234175942,0,0,0,0,3.266196002,TCGA-55-1596-01
LUAD,Tumor,10.03324895,6.22985279,5.647381836,7.59832551,4.552314293,7.513163844,7.987379014,8.727400011,0,0,2.377507213,2.938255677,0,0,0,0,0.578882694,TCGA-69-7979-01
LUAD,Tumor,8.461931171,4.957948809,4.685550557,5.785166706,7.015074642,8.528735039,8.609964174,6.890557396,0,0,1.587548377,4.484830691,0,0,0,0,0.738517964,TCGA-55-1595-01
LUAD,Tumor,10.17839605,5.601357699,5.172125836,5.200957243,5.888080114,9.092087977,7.150447205,7.835625389,0,0,1.22297268,2.869371409,0.447729409,0,0,0,0.570647506,TCGA-55-6972-01
LUAD,Tumor,9.39525742,5.473423173,4.947539834,6.411820984,8.064887663,10.18473104,10.40577847,7.668241207,0,0,1.555220307,4.205476188,0,0,0,0,0,TCGA-44-3919-01
LUAD,Tumor,9.044507708,6.192437935,5.505790566,5.141979298,7.663362973,9.91711771,7.940828241,8.110100712,0,0,1.516089298,6.264023102,0.271046725,0,0,0,0,TCGA-J2-8192-01
LUAD,Tumor,9.026313892,5.771854395,5.514091196,6.242435058,10.64955549,10.47089871,9.820051481,7.598754696,0,0,1.187207153,6.061158579,0,0,0,0,0.71242586,TCGA-44-A47A-01
LUAD,Tumor,9.137561945,6.375636705,5.96939009,4.789108801,8.460491229,10.50085294,8.699097648,7.877040716,0,0,1.5001861,4.269625443,0.177124331,0,0,0,0.477038982,TCGA-75-5147-01
LUAD,Tumor,8.988348,5.862434579,5.430332849,5.225885617,7.781031791,9.970342151,8.843131243,8.013510777,0,0,2.398675433,4.193474975,0,0,0,0,1.15115158,TCGA-86-A4JF-01
LUAD,Tumor,9.906576335,5.760233776,4.55228029,4.315836239,4.988141859,12.73082188,7.337922263,7.825318113,0,0,1.750377542,5.695882935,0,0,0,0,0,TCGA-44-2661-11A
LUAD,Tumor,9.32427952,7.072711828,6.411360296,4.807366927,8.029618167,11.71726043,9.484138147,9.312546339,0,0,3.16375746,6.603353327,0,0,0,0,0,TCGA-69-8453-01
LUAD,Tumor,10.19088858,5.614187376,5.456803193,4.844629948,6.206600151,9.058551586,7.711885758,7.804280925,0,0,1.21450595,5.124978359,0.287001762,0,0,0,0.911045723,TCGA-05-4427-01
LUAD,Tumor,8.854498392,5.829121104,5.289860981,4.940105658,7.691217138,10.85561427,9.881016628,7.697392332,0,0,1.471477271,5.636887327,0,0,0,0,0,TCGA-73-4662-01
LUAD,Tumor,9.76194594,5.473186854,5.256197213,6.031583572,5.994273843,10.92675418,8.253560203,10.12951197,0,0,1.759495903,5.377073865,0.308687055,1.540343754,0,0,0.778830105,TCGA-95-7039-01
LUAD,Tumor,8.615271477,5.654705992,5.288143434,4.19001103,6.371558514,9.105111973,8.7717148,7.205989237,0,0,1.4775359,3.905000389,0,0,0,0,0.37568339,TCGA-NJ-A4YP-01
LUAD,Tumor,9.409047668,6.331050729,6.049804495,5.712061714,3.203202723,5.781706601,6.307631636,5.501147551,0,0,2.817517047,1.199321816,0.720855428,0,0,0,0.282206108,TCGA-62-A46O-01
LUAD,Tumor,9.244682741,5.687102244,5.419180701,3.774243924,7.088944778,11.63542728,8.926804617,7.597904344,0,0,0.699304648,5.008365915,0,0,0,0,0,TCGA-97-8172-01
LUAD,Tumor,9.628697595,6.700578307,6.477676049,4.667321631,6.631220732,10.34413328,7.740487563,10.42960111,0,0,1.974233401,5.195289637,0,0,0,0,2.671336177,TCGA-05-4433-01
LUAD,Tumor,9.687099118,6.699791678,6.163372732,5.33591156,5.964183621,9.482925777,8.174707934,8.060238076,0,0,0.512582901,3.771448374,0.191816553,0,0,0,0.512582901,TCGA-99-8025-01
LUAD,Tumor,9.257590657,7.319924162,6.310055844,7.384482032,6.843738635,8.582407334,8.262401754,6.537980191,0,0,2.637600509,4.307621382,0,0,0,0,2.047459865,TCGA-55-1594-01
LUAD,Tumor,8.275365353,5.25022007,4.871373415,3.862085538,7.98197187,10.33505627,9.265815472,8.538545524,0,0,0.560846014,4.389265163,0,0,0,0,0,TCGA-38-A44F-01
LUAD,Tumor,9.276467551,6.495463568,6.428351228,3.201962664,6.170884355,7.31941617,6.109678924,7.362808114,0,0,0.99823306,2.253544896,0,0,0,0,0.828529225,TCGA-05-4396-01
LUAD,Tumor,9.159310171,6.209247806,5.815313814,4.567291773,5.903958032,9.014345693,8.675137621,8.175250407,0,0,1.200121375,3.901986339,0,0,0,0,0.216857118,TCGA-55-8204-01
LUAD,Tumor,8.990673173,6.077654061,5.757166815,4.350397316,7.115484795,9.002162733,8.473679541,8.311226117,0,0,1.23622625,5.067792116,0.273321329,0,0,0,0.392735057,TCGA-55-7281-01
LUAD,Tumor,9.067322243,5.696329039,5.418903055,3.908685346,6.134811001,8.235724136,8.65416558,8.148971361,0,0,1.247550845,2.976711527,0,0,0,0,0.867602361,TCGA-78-7166-01
LUAD,Tumor,8.319857063,5.403256643,5.064600897,2.599211135,6.819445785,8.634964882,7.949718935,8.202931066,0,0,1.307838251,3.878034036,0,0,0,0,0.507545017,TCGA-44-7671-11A
LUAD,Tumor,9.232224945,7.024675965,6.560860164,5.362041646,6.490471568,9.136023562,7.809180804,8.070070504,0,0,1.806357056,2.9987777,0,0,0,0,0,TCGA-55-8614-01
LUAD,Tumor,9.260397553,5.948177321,5.727785488,3.938763976,7.316641783,10.25664442,9.068741415,8.039806933,0,0,0.979564442,3.547273245,0.313787994,0,0,0,0.979564442,TCGA-78-7152-01
LUAD,Tumor,8.962195469,6.729743712,6.5380143,3.948649622,7.552055505,9.558122766,9.34299616,7.686395291,0,0,2.204807746,4.089621703,0,0,0,0,0.692752125,TCGA-64-5781-01
LUAD,Tumor,9.194054889,6.712918315,6.308732882,5.173655872,6.867565582,10.07743062,7.535924218,7.900331741,0,0,0.755402078,5.279680293,0,0,0,0,1.443742428,TCGA-55-7576-01
LUAD,Tumor,8.723300569,5.509823893,4.868642569,4.499704958,6.755677856,10.1853854,8.051045495,7.142458828,0,0,1.508858608,4.358484177,0,0,0,0,0,TCGA-MP-A4TD-01
LUAD,Tumor,8.45559799,5.779642383,5.574147841,4.472532936,5.96340971,10.1842264,7.972510043,7.013705733,0,0,1.012663777,4.357878509,0,0,0,0,0,TCGA-86-8281-01
LUAD,Tumor,8.750795508,5.960255685,5.386832773,4.483499736,8.714559376,10.61549438,9.136468654,8.546082237,0,0,1.412575063,6.270903004,0,0,0,0,0,TCGA-55-8513-01
LUAD,Tumor,9.446118036,6.489824925,6.257180231,5.696588635,7.473107965,9.677834322,9.691910717,10.3781769,0,0,2.667626263,4.09267157,0,0,0,0,2.247222699,TCGA-78-7542-01
LUAD,Tumor,8.637220135,6.386176973,6.066845309,4.45803205,8.290284684,9.243467511,8.347014911,7.326299612,0,0,1.499622435,5.633209325,0.482665547,0,0,0,0.212792185,TCGA-50-6673-01
LUAD,Tumor,8.686499484,5.119090483,5.0026568,2.884008415,5.372228654,8.952010613,7.613702646,8.314041473,0,0,0.773244409,3.592409674,0.191337765,0,0,0,0,TCGA-49-6743-11A
LUAD,Tumor,8.139227518,5.025291167,4.743021401,2.762792294,7.100762867,9.819836405,9.162062196,8.078751447,0,0,0.609848555,5.025291167,0,0,0,0,0.609848555,TCGA-55-7911-11A
LUAD,Tumor,9.86732476,6.679190715,6.349072855,6.498937341,8.990401075,12.57133517,11.349603,8.714930048,0,0,1.965448894,2.972381292,0,0,0,0,0.500852011,TCGA-44-6147-01B
LUAD,Tumor,8.972478609,5.861967122,5.400213628,5.552001653,6.211215535,8.798196336,8.106210558,6.70149727,0,0,2.247389212,6.136318839,0,0,0,0,0,TCGA-73-4659-01
LUAD,Tumor,8.836867658,6.18081269,5.965875691,2.982492776,6.783992314,9.956883795,8.702777777,7.671868163,0,0,0.877185907,4.024265684,0.274049305,0,0,0,0.702738208,TCGA-91-7771-01
LUAD,Tumor,9.603253345,7.293161354,7.051006835,7.331043659,7.554415534,10.44196137,8.439577791,8.090422717,0,0,1.898566708,3.431654247,0,0,0,0,2.017714216,TCGA-62-8402-01
LUAD,Tumor,9.426089954,6.465190872,6.183218515,5.503097387,5.405218473,7.72199863,7.326963123,7.944206855,0,0,1.057802368,5.319881841,0,0,0,0,0.857040649,TCGA-86-8279-01
LUAD,Tumor,8.539132579,5.851551797,5.645737161,2.323463748,6.020553605,8.7568024,7.32833688,8.514325356,0,0,0.585602915,4.158316262,0,0,0,0,0.415517476,TCGA-50-5932-11A
LUAD,Tumor,8.831636157,6.377015317,6.212940781,3.372968391,5.165417882,8.348955303,6.037160309,8.351776373,0,0,1.045198307,3.216682543,0,0,0,0,0.888242541,TCGA-44-6776-01
LUAD,Tumor,8.456795942,5.692405995,5.08042811,4.16218965,7.696920608,10.85658897,10.30090668,7.982158885,0,0,1.61699985,5.379123113,0.314080458,0,0,0,0.685310471,TCGA-MP-A4TI-01
LUAD,Tumor,7.33766343,5.468362465,5.013132546,4.154502767,6.687947357,8.595085452,7.45845615,7.651725861,0,0,0.778427277,5.525485479,0,0,0,0,0.619596124,TCGA-NJ-A4YI-01
LUAD,Tumor,8.050073913,5.212391287,4.951164678,5.182210074,7.47821848,8.902145028,9.310627284,7.401699772,0,0,0,5.35449571,0,0,0,0,0,TCGA-05-4382-01
LUAD,Tumor,9.131084624,5.973346704,5.747017897,4.311257366,8.358361697,9.425426087,8.32409464,8.574766875,0,0,1.009764225,4.973034817,0,0,0,0,1.009764225,TCGA-97-7553-01
LUAD,Tumor,10.47907533,7.644784107,7.283301393,6.997466817,7.924286738,10.15771779,9.3096188,8.104929574,0,0,2.866232453,3.891563838,0,0.394600844,0,0,0.958833769,TCGA-49-AARQ-01
LUAD,Tumor,9.422186463,7.192474232,6.823254113,4.771812016,7.477868028,10.62015001,9.618700781,8.570984937,0,0,2.429330744,4.812122562,0.331161739,0,0,0,1.349451905,TCGA-44-6779-01
LUAD,Tumor,9.254701761,6.106064364,5.733822381,3.604509049,6.455963198,9.858177625,7.55245182,8.125113612,0,0,0.623098031,5.062238909,0,0,0,0,0.238860215,TCGA-55-8512-01
LUAD,Tumor,10.60874796,8.175523259,7.719141971,7.37276335,6.028470008,7.468513771,7.520890797,7.769002862,0,0,2.408171089,3.072067717,0.229366426,1.024264354,0,0,2.741267206,TCGA-50-5931-01
LUAD,Tumor,10.26638392,6.665249865,6.100342777,6.05539559,8.272964428,10.47489583,9.605795062,8.37251636,0,0,2.584575326,5.63426026,0.336938023,0,0,0,1.366497915,TCGA-91-6848-01
LUAD,Tumor,7.634056405,5.319985858,4.697859649,3.76483211,6.530111221,8.276686374,8.112552353,5.83509469,0,0,1.115068544,2.34516556,0,0,0,0,0.43276276,TCGA-44-A47B-01
LUAD,Tumor,8.99994793,5.855732943,5.149073,4.744283612,8.451931146,12.38311834,9.829894307,8.897893303,0,0,1.770375768,5.873643947,0,0,0,0,0,TCGA-93-7347-01
LUAD,Tumor,8.663175766,5.854686449,5.507052999,3.394922912,5.069439671,6.554192517,6.804534248,7.144525917,0,0,0.928019296,4.087609989,0,0,0,0,0.728121656,TCGA-50-5932-01
LUAD,Tumor,9.715631227,6.557156803,6.3994682,4.263046128,6.520172553,9.406713423,7.797241521,8.002546098,0,0,1.662973365,5.018675831,0.51937785,1.201640761,0,0,1.058900383,TCGA-49-6742-01
LUAD,Tumor,8.572854624,6.047110276,5.737225869,4.143777798,8.002852486,10.00616149,8.239724135,10.16526449,0,0,1.435195987,4.42292397,0,0,0,0,1.435195987,TCGA-55-7728-01
LUAD,Tumor,8.200262659,6.000049186,4.974219862,4.645370571,8.074463418,10.41654334,10.75105492,7.855815683,0,0,1.379482341,4.846176009,0,0,0,0,0,TCGA-44-2657-01
LUAD,Tumor,9.334919399,6.664734622,6.319163697,4.910560708,6.770633767,9.262621582,7.750035926,9.332869756,0,0,2.050813711,3.470545064,0,0,0,0,0.938717877,TCGA-78-7147-01
LUAD,Tumor,9.194403262,5.233269054,4.720300303,5.69267263,7.141540756,10.13348761,9.626008907,8.722111001,0,0,1.512056939,6.00261362,0.192161333,0,0,0,0.513411913,TCGA-MP-A4TK-01
LUAD,Tumor,8.654838647,5.681850505,5.545421295,4.701146355,8.014235664,9.90708658,9.762757154,7.895774062,0,0,1.16040199,5.830170656,0,0,0,0,1.16040199,TCGA-44-7672-01
LUAD,Tumor,9.201958252,6.98105893,6.722628455,5.463865087,5.670398545,8.591792755,7.61690292,6.441802072,0,0,2.524837487,3.866508438,0.421855051,0,0,0,0.421855051,TCGA-78-7159-01
LUAD,Tumor,9.407730532,6.528922402,6.18395962,4.895926782,7.872705713,9.775639199,10.50697409,7.004756931,0,0,3.054396674,4.873624533,0,0,0,0,0.542715677,TCGA-49-4507-01
LUAD,Tumor,9.206180211,5.946198523,5.626706244,4.704840875,8.002591805,10.30012866,8.91341381,8.685109288,0,0,1.115356248,4.798525769,0,0.662882701,0,0,0.662882701,TCGA-78-7162-01
LUAD,Tumor,11.21861378,7.862254681,7.445044809,4.734939024,8.190556062,10.83496206,9.783678344,8.258780032,0,0,3.641765307,4.767884372,0.495764738,0,0,0,1.702822857,TCGA-69-8255-01
LUAD,Tumor,8.87918695,5.888118944,5.383948131,4.796141337,6.023406246,8.926566467,8.56336368,5.738819978,0,0,1.114025136,3.660480642,1.457715628,0,0,0,0,TCGA-05-4432-01
LUAD,Tumor,8.776428331,4.817069453,4.480186651,4.193945408,6.420502765,8.813557986,8.064146236,6.913734161,0,0,1.160837599,3.562410591,0,0,0,0,0.388429829,TCGA-55-A492-01
LUAD,Tumor,9.987595976,5.981474901,4.619813658,5.38338925,6.248857296,12.92641703,8.244793093,7.448610434,0,0,2.89390016,7.41275025,0,0,0,0,0,TCGA-44-2668-11A
LUAD,Tumor,8.424836896,6.717653436,6.660624065,4.419296916,7.455348824,11.69527035,8.649889042,10.53509948,0,0,0.74835818,3.455699264,0.53928688,0,0,0,0.930931828,TCGA-50-6597-01
LUAD,Tumor,8.453443517,5.806087628,5.362121517,4.530890954,5.683432479,7.538518958,7.751939337,5.637914871,0,0,0.751922123,2.792502442,0.751922123,0,0,0,0.296324659,TCGA-MP-A5C7-01
LUAD,Tumor,10.01143192,7.122756787,6.700046045,5.157100924,8.313510273,10.41998341,10.09775378,9.158046342,0,0,2.30244891,6.27637826,0,0,0,0,1.948721565,TCGA-50-6590-01
LUAD,Tumor,9.23988902,7.068582929,6.801848661,4.187485894,8.213928821,10.62969732,9.185907234,7.922074879,0,0,2.581318464,4.507929962,0,0.539202495,0,0,0.930804693,TCGA-78-7160-01
LUAD,Tumor,9.258064214,6.07629515,5.517238208,5.287431772,7.862335907,9.441161208,8.6161351,7.597553923,0,0,1.289907041,3.705169656,0,0,0,0,0.311333377,TCGA-93-A4JN-01
LUAD,Tumor,9.449744805,5.415063817,5.261418735,5.36564481,7.946580244,10.79980167,9.731580037,7.377062747,0,0,1.953681316,5.261418735,0,0,0,0,1.284992583,TCGA-44-3396-01
LUAD,Tumor,8.562175543,5.382218606,5.128521032,5.157426451,7.858883168,8.673924732,10.55388491,8.219092593,0,0,1.272558948,6.255434545,0,0,0,0,0.772264051,TCGA-35-4122-01
LUAD,Tumor,9.429614525,6.180700047,5.922561902,5.061385926,7.996994019,10.57790275,9.772134639,7.767850501,0,0,1.395720913,4.074329028,0,0,0,0,0.764758877,TCGA-93-A4JO-01
LUAD,Tumor,9.521935041,6.644936508,6.24123303,5.976048436,9.098451315,9.824862368,8.773320329,8.438304588,0,0,0.983363952,6.593315791,0,0,0,0,0.475944017,TCGA-55-8096-01
LUAD,Tumor,8.54389281,5.574293673,5.103203657,4.86114424,7.728235309,11.4313238,9.434966594,7.591669866,0,0,0.962064774,3.465951225,0,0,0,0,0.649714777,TCGA-55-A48X-01
LUAD,Tumor,11.61537032,8.192339019,7.995299416,6.920737177,5.663603558,8.254833276,7.846569391,9.279986564,0,0,2.205940458,4.444870909,1.769419696,0,0,0,2.930777638,TCGA-91-6836-01
LUAD,Tumor,8.583240914,4.825852114,4.851876842,3.824197789,5.479722555,8.03890482,6.909941037,10.43385897,0,0,0.82731257,3.596863364,0,0,0,0,2.034746062,TCGA-78-7540-01
LUAD,Tumor,8.659511387,6.4634571,6.023536854,6.038777521,7.072880462,10.03294736,8.66863766,7.908304483,0,0,0.670991666,3.480979441,0.259891922,0.135789634,0,0,1.252005028,TCGA-49-4488-01
LUAD,Tumor,9.080289879,5.435990023,5.213076916,3.438766441,6.90730102,8.957648432,6.771874278,8.289534675,0,0,1.587446125,4.636899736,0,0,0,0,1.06607472,TCGA-44-7662-11A
LUAD,Tumor,8.015271462,5.734092177,5.408264651,3.819915014,7.64906335,9.853435142,8.778163367,7.706385965,0,0,1.749334744,4.5748889,0,0,0,0,0,TCGA-55-7815-01
LUAD,Tumor,9.52425984,6.141047827,5.698018788,4.426489529,6.74729504,9.442072206,7.762159363,7.981850211,0,0,1.25232361,5.004527819,0,0,0,0,0.546708302,TCGA-55-7283-01
LUAD,Tumor,9.060266315,6.683712523,6.424106043,5.168853001,6.468331279,8.301663456,7.145283299,7.67038186,0,0,1.690460007,2.899181239,0,0.290141263,0,0,0.290141263,TCGA-62-8398-01
LUAD,Tumor,10.75634595,6.930480278,6.558094972,6.171482532,6.605748312,8.702217264,7.77705851,7.60555327,0,0,2.667931853,2.667931853,0.314310209,0.572243584,0,0,1.971223114,TCGA-44-7660-01
LUAD,Tumor,9.311596478,7.155292167,6.418441504,5.687968807,7.816322353,11.48280153,9.649433517,8.531509391,0,0,2.127687091,5.402056775,0,0,0,0,0,TCGA-55-8208-01
LUAD,Tumor,10.91845508,7.316689937,6.897869507,5.923365497,6.677491991,9.021832624,8.022524082,5.887220274,0,0,3.616133464,2.955546413,0.459854397,0,0,0,4.955696445,TCGA-78-7536-01
LUAD,Tumor,8.964281313,6.17569409,5.992031104,5.061942919,8.197609161,11.12351402,9.323823139,10.7754734,0,0,1.834025904,5.30796033,0,0,0,0,0.856067011,TCGA-55-6712-01
LUAD,Tumor,8.19381491,5.738621669,5.457280925,4.672386983,7.602337625,9.858502849,9.405670344,8.796545992,0,0,1.295961006,4.82833368,0,0,0,0,0.788855233,TCGA-55-7903-11A
LUAD,Tumor,7.139124947,5.328158606,5.091190993,2.971918353,9.037446533,9.362372673,9.256907845,7.214948164,0,0,0.465004857,4.428769781,0,0,0,0,0,TCGA-44-2661-01
LUAD,Tumor,8.94409597,6.780681632,6.579043139,4.103656504,7.72762943,11.5663324,9.33516697,8.670360684,0,0,1.728193942,4.336209037,0,0,0,0,0.945046546,TCGA-55-7574-01
LUAD,Tumor,8.56667687,6.428185062,5.954059899,5.098854501,7.683749839,9.30823163,8.478594593,7.452122105,0,0,1.915505986,2.442528736,0,0,0,0,0.353036418,TCGA-55-A491-01
LUAD,Tumor,7.995005139,4.718057491,4.345882657,4.653551172,6.257350106,7.88270748,8.303241458,7.81648711,0,0,0.546318131,4.44068077,0,0,0,0,0.298865908,TCGA-MP-A4SY-01
LUAD,Tumor,10.52640362,5.855415743,5.403200631,3.86263944,6.851390109,9.09880741,9.660124863,7.371513403,0,0,2.68229417,4.21808088,0.746179456,0,0,0,1.235537138,TCGA-05-4395-01
LUAD,Tumor,11.09985349,7.386382264,7.008379049,6.846584127,5.936810981,8.639154335,8.016259207,6.623763027,0,0,3.10979464,4.626510569,4.863943157,0,0,0,2.892866988,TCGA-44-7667-01
LUAD,Tumor,8.207773881,5.523561611,4.838939366,4.020106293,8.430314477,10.82158032,9.588792824,8.911239132,0,0,0.621920111,4.968752673,0.182350332,0,0,0,0.958370544,TCGA-44-A47G-01
LUAD,Tumor,7.828572934,5.866267226,5.188108352,4.776306952,7.804432955,10.58301919,9.50975919,6.891002979,0,0,1.706282107,5.828461338,0,0,0,0,0,TCGA-05-4389-01
LUAD,Tumor,10.81781974,7.583637882,7.216290729,6.394369519,6.272219101,8.804247165,8.49581376,7.500582151,0,0,2.29346672,3.427045343,0,0,0,0,0.832254076,TCGA-95-7562-01
LUAD,Tumor,8.827299723,6.219210193,5.903666323,3.996186972,8.579329188,8.994940214,7.215752845,8.377836437,0,0,1.193260797,3.368558983,0,0,0,0,0.974541794,TCGA-86-7714-01
LUAD,Tumor,8.652781084,4.973591256,4.550234064,2.813081346,7.294831413,9.074944555,8.111649257,8.054221231,0,0,0.506446565,3.782051097,0,0,0,0,0.642220054,TCGA-44-7661-11A
LUAD,Tumor,8.655401624,5.522275753,5.142558149,5.73363797,6.443781906,7.001601179,8.012260593,7.199632273,0,0,1.772794,5.162168698,0,0,0,0,0,TCGA-38-4628-01
LUAD,Tumor,8.096304765,5.816004485,5.696360479,3.154656113,5.430352354,8.272885226,6.913160657,6.795501508,0,0,0.668975953,3.755615505,0,0.305653064,0,0,0.437191511,TCGA-05-4384-01
LUAD,Tumor,9.532071724,6.392033218,6.150918742,5.000984844,6.563502697,10.33137253,9.098081202,9.64724401,0,0,1.842035091,5.828817745,0,0,0,0,1.351115493,TCGA-50-6595-01
LUAD,Tumor,7.883960386,6.745627108,6.47297749,4.946417774,8.364623451,11.55674279,8.93374812,7.593468856,0,0,1.416718161,3.002352199,0,0,0,0,0.152271698,TCGA-50-5068-01
LUAD,Tumor,9.941930868,6.192522503,5.84305765,5.872596605,5.950842011,7.592961683,8.170236941,8.73706224,0,0,1.312835336,3.392245424,0,0,0,0,0.672395469,TCGA-97-7937-01
LUAD,Tumor,9.316382469,5.388643116,5.062031325,5.189515591,7.546494624,9.896508626,9.495146792,7.286191906,0,0,1.728881786,4.725838423,0,0,0,0,0,TCGA-05-4398-01
LUAD,Tumor,9.237338227,7.103757369,6.805199859,4.138237226,7.750334346,9.286498969,10.17208396,7.671157979,0,0,3.446453561,4.8790618,0.564723496,0.39988529,0,0,2.409238851,TCGA-50-6592-01
LUAD,Tumor,8.995374608,5.791063649,5.486525755,3.300288344,7.910568227,9.167036418,7.994030718,8.676681423,0,0,0.88202789,5.027293722,0,0,0,0,0.275890279,TCGA-55-7576-11A
LUAD,Tumor,8.643204864,5.85156429,5.43134382,4.115772551,5.69018975,7.993830408,6.65666693,7.953753341,0,0,0.805914806,3.697336364,0,0,0,0,0.458515348,TCGA-50-5944-01
