SampleName,MATH,LOH,HRD,ploidy,purity,NEO,MSI
TCGA-44-6778-01,40.66475869,0.318128319,38,3.27,0.25,21,0.3067
TCGA-05-4420-01,46.27317286,0.167555167,46,3.49,0.59,6,0.291
TCGA-64-1679-01,41.19730533,0.351250718,21,3.34,0.26,21,0.3127
TCGA-49-6744-01,55.12231041,0.166932797,26,1.9,0.37,1,0.2967
TCGA-55-6982-01,32.31775862,0.201890494,19,2.61,0.25,20,0.2939
TCGA-NJ-A4YI-01,38.23900452,0.141840636,22,3.62,0.58,34,0.3335
TCGA-73-4666-01,54.99967742,0.3060859,17,3.2,0.45,38,0.2944
TCGA-MN-A4N1-01,71.6190357,0.319518034,64,4.7,0.48,61,0.3314
TCGA-55-7911-01,40.7096496,0.056378287,12,4.05,0.23,5,0.3558
TCGA-55-A4DG-01,73.16727273,0.265628546,38,3.7,0.41,122,0.335
TCGA-L9-A5IP-01,35.53996422,0.701497284,32,2.64,0.53,29,0.3419
TCGA-73-4662-01,52.47690722,0.262677949,36,3,0.48,4,0.2984
TCGA-55-6712-01,58.28827486,0.174340424,27,3.38,0.29,16,0.3013
TCGA-97-7553-01,22.64759114,0.657683185,16,1.44,0.29,11,0.2731
TCGA-49-AARE-01,49.08608108,0.273717866,35,2.78,0.42,141,0.3338
TCGA-50-8460-01,26.68811146,0.142927971,8,1.93,0.42,4,0.3409
TCGA-50-5933-01,45.47123263,0.119874654,25,2.82,0.3,22,0.2962
TCGA-44-6774-01,31.70766514,0.118268127,14,2.07,0.45,7,0.2954
TCGA-73-4670-01,53.47654434,0.40725587,27,2.91,0.62,41,0.2934
TCGA-55-A48Z-01,54.41191919,0.255594183,29,3,0.41,2,0.3062
TCGA-75-7031-01,47.55509434,0.140008941,44,3.86,0.49,35,0.3033
TCGA-44-A47A-01,71.10428571,0.025891455,16,3.67,0.34,6,0.3226
TCGA-05-4398-01,63.46078049,0.322095124,47,4.83,0.33,79,0.3117
TCGA-67-3773-01,22.97805641,0.102275623,12,1.96,0.7,9,0.2811
TCGA-64-5781-01,39.04949906,0.336142855,15,1.91,0.38,55,0.2985
TCGA-97-7552-01,41.48428846,0.050542578,4,1.95,0.18,2,0.3059
TCGA-49-AARN-01,62.59866667,0.169671308,20,1.84,0.43,27,0.3164
TCGA-44-3919-01,42.74915486,0.108579001,16,1.94,0.51,4,0.2725
TCGA-99-8032-01,48.8209697,0.119195769,22,3.74,0.31,40,0.3283
TCGA-55-A491-01,55.69078821,0.30024751,39,2.57,0.45,20,0.3009
TCGA-50-6595-01,60.91671952,0.37521903,12,2.43,0.22,1,0.3005
TCGA-95-A4VP-01,60.64096618,0.39967161,24,2.73,0.3,7,0.3285
TCGA-55-8302-01,54.02588763,0.426561437,19,1.78,0.46,13,0.3126
TCGA-44-4112-01,34.25843874,0.139349224,20,2.13,0.57,66,0.2866
TCGA-05-4430-01,47.18810946,0.186389597,20,3.49,0.2,10,0.2825
TCGA-75-7027-01,46.4814523,0.305157465,10,3.09,0.62,14,0.3008
TCGA-44-2668-01,39.39275362,0.235322367,33,2.13,0.3,11,0.2747
TCGA-55-8507-01,55.9791762,0.259496438,46,2.72,0.64,40,0.3629
TCGA-69-8254-01,32.31895852,0.051937247,8,1.95,0.41,1,0.3148
TCGA-78-8640-01,46.42484848,0.233853995,49,2.72,0.35,19,0.323
TCGA-69-7979-01,54.17482479,0.274505259,56,4.57,0.53,23,0.351
TCGA-55-7573-01,51.74087795,0.326007617,29,3.2,0.33,10,0.3036
TCGA-49-4506-01,41.60464438,0.3265619,9,2.67,0.25,6,0.2991
TCGA-05-4402-01,54.35717879,0.198278382,21,3.24,0.44,29,0.2803
TCGA-44-8119-01,71.24889706,0.258006914,35,4.63,0.55,51,0.3525
TCGA-55-7724-01,38.88191176,0.319593553,16,1.74,0.28,1,0.3507
TCGA-44-6776-01,26.69826519,0.123306711,14,1.95,0.65,25,0.3029
TCGA-49-4514-01,31.71156785,0.292225694,31,1.79,0.35,22,0.3006
TCGA-05-4396-01,29.40105744,0.250217195,13,1.86,0.82,58,0.2819
TCGA-55-8204-01,30.26975,0.323892255,22,1.96,0.34,1,0.3441
TCGA-75-6205-01,55.44899626,0.519395539,10,1.4,0.27,1,0.2866
TCGA-62-A46O-01,48.35392912,0.25130418,62,2.93,0.82,104,0.3242
TCGA-78-7155-01,62.04868671,0.493969313,78,2.5,0.82,52,0.3151
TCGA-62-A472-01,46.67090348,0.247608995,15,3.57,0.4,9,0.3272
TCGA-NJ-A55R-01,42.10976335,0.145618127,18,3.5,0.23,3,0.3064
TCGA-62-8395-01,62.72538462,0.168101632,22,1.9,0.65,16,0.3261
TCGA-95-7567-01,54.30769231,0.244059618,42,2.65,0.53,60,0.4503
TCGA-50-5051-01,56.90014107,0.135963229,7,2.96,0.59,4,0.3028
TCGA-55-A48Y-01,46.05139681,0.163097109,23,1.95,0.36,7,0.3259
TCGA-86-A456-01,46.45769006,0.243760981,25,1.76,0.36,22,0.3277
TCGA-50-5068-01,25.87556604,0.426052669,14,2.91,0.24,4,0.3108
TCGA-NJ-A55A-01,32.41526882,0.003815418,2,2.03,0.21,5,0.3278
TCGA-J2-A4AG-01,39.19821973,0.078100664,8,2.01,0.31,16,0.32
TCGA-05-4405-01,66.73143759,0.293804676,21,3.21,0.38,34,0.3071
TCGA-86-7955-01,52.92429612,0.48237321,41,3.16,0.73,11,0.3329
TCGA-50-6673-01,70.90333668,0.125995847,16,3.74,0.35,9,0.2908
TCGA-55-7727-01,57.99702479,0.243450053,24,1.91,0.56,9,0.3554
TCGA-55-8510-01,48.68610815,0.420106238,42,2.95,0.28,1,0.3384
TCGA-MP-A4T8-01,51.66636364,0.134370131,32,3.17,0.59,6,0.3315
TCGA-86-8279-01,66.36764552,0.501762112,40,5.48,0.5,18,0.341
TCGA-55-A494-01,55.9184915,0.067338196,22,3.69,0.81,13,0.3189
TCGA-75-5125-01,58.91384211,0.317542899,28,3.69,0.31,12,0.3003
TCGA-55-8615-01,67.59631699,0.274210622,56,5.23,0.57,3,0.3269
TCGA-MP-A4TF-01,57.99928538,0.375859288,52,4.86,0.29,7,0.3514
TCGA-55-6979-01,50.31367034,0.372471703,11,1.73,0.33,10,0.2926
TCGA-86-A4JF-01,43.19564698,0.07778893,19,3.59,0.25,301,0.5047
TCGA-86-7701-01,62.84310968,0.292001546,26,2.97,0.42,15,0.3447
TCGA-62-8398-01,47.4432,0.208575697,19,3.2,0.5,5,0.3196
TCGA-L9-A443-01,55.068,0.133534315,30,3.54,0.48,14,0.3265
TCGA-78-8660-01,41.16406165,0.229639385,24,1.96,0.33,10,0.3233
TCGA-78-7148-01,50.56763425,0.196386333,6,1.81,0.6,30,0.3143
TCGA-67-6215-01,45.88991173,0.061443015,10,2.25,0.69,2,0.2956
TCGA-55-A490-01,54.17192308,0.270040637,54,3.34,0.58,99,0.3394
TCGA-69-7974-01,54.52711764,0.344192872,27,3.55,0.29,26,0.3588
TCGA-49-AAR4-01,43.40089744,0.231596505,21,1.84,0.22,73,0.3241
TCGA-05-4418-01,35.71226277,0.13732873,5,2,0.55,13,0.2744
TCGA-35-4123-01,37.58585125,0.2458788,23,2.01,0.4,12,0.2877
TCGA-55-6969-01,45.85227481,0.348306764,38,2.59,0.25,57,0.2795
TCGA-91-8497-01,67.6601396,0.099091335,20,1.97,0.45,2,0.3523
TCGA-62-A470-01,58.06407465,0.277503729,30,2.99,0.59,19,0.3313
TCGA-53-A4EZ-01,44.28913588,0.401707187,44,3.08,0.47,13,0.3105
TCGA-78-7162-01,52.01056452,0.054165864,9,2.13,0.27,4,0.3088
TCGA-62-A46Y-01,34.86424559,0.081690444,14,2.01,0.48,36,0.3295
TCGA-62-A46R-01,56.67233161,0.334334813,20,2.88,0.42,14,0.3214
TCGA-L9-A8F4-01,45.37453798,0.373988989,37,3.05,0.32,54,0.3245
TCGA-55-7726-01,45.53606792,0.300213997,24,4.09,0.26,3,0.3484
TCGA-49-4512-01,69.27591898,0.369240779,25,4.56,0.32,8,0.307
TCGA-73-A9RS-01,45.47365326,0.274588747,45,2.78,0.61,67,0.35
TCGA-75-5147-01,49.21991903,0.195591139,28,3.29,0.4,3,0.2962
TCGA-44-7671-01,40.74320611,0.113259814,12,3.03,0.58,46,0.3047
TCGA-38-4631-01,57.13026316,0.277878146,42,3.1,0.49,94,0.3091
TCGA-75-6211-01,53.11054464,0.33233202,39,3.09,0.39,16,0.2992
TCGA-55-1594-01,66.90489156,0.313601151,33,3.26,0.55,6,0.2912
TCGA-64-5774-01,56.73374207,0.343575501,42,2.86,0.76,5,0.3093
TCGA-50-5941-01,54.75027875,0.116500768,29,3.12,0.27,10,0.292
TCGA-44-2662-01,50.40104218,0.26197167,34,3.19,0.26,5,0.2713
TCGA-55-7995-01,52.0349658,0.482008595,50,2.53,0.49,18,0.3538
TCGA-95-7043-01,51.25140594,0.53727631,54,3.73,0.76,324,0.3486
TCGA-NJ-A4YP-01,41.78596743,0.087415924,8,4.21,0.23,17,0.3221
TCGA-78-7149-01,71.94970588,0.181079086,14,3.38,0.6,8,0.3146
TCGA-MP-A4TC-01,41.5128,0.635737764,23,1.47,0.45,9,0.3095
TCGA-97-A4M5-01,27.44012608,0.224546847,21,1.83,0.25,1,0.2956
TCGA-99-8028-01,43.56258468,0.066193501,13,2.1,0.18,2,0.3429
TCGA-67-6217-01,66.99155556,0.178847791,35,6.17,0.25,6,0.2965
TCGA-44-A47B-01,54.27437459,0.087709117,14,3.26,0.5,2,0.3287
TCGA-38-4628-01,56.37891934,0.358656287,46,4.98,0.5,78,0.3118
TCGA-05-4250-01,58.53265011,0.329256668,14,3.19,0.5,20,0.3059
TCGA-67-3774-01,28.56385321,0.206434763,10,1.87,0.48,0,0.2771
TCGA-80-5608-01,47.85524251,0.241538684,26,3.13,0.48,9,0.2893
TCGA-05-4389-01,62.81453012,0.244015244,45,3.23,0.48,30,0.2907
TCGA-75-6203-01,39.3565001,0.036790146,5,2.23,0.26,0,0.2893
TCGA-55-6981-01,51.99395833,0.190585748,21,3.4,0.26,6,0.275
TCGA-55-7903-01,50.72052632,0.182188544,23,1.93,0.64,24,0.3455
TCGA-62-8394-01,63.39393103,0.269550492,30,3.1,0.53,3,0.3238
TCGA-49-4488-01,59.4790161,0.361328598,59,4.96,0.45,12,0.2967
TCGA-78-7537-01,22.26512051,0.019125874,5,2.08,0.74,58,0.2959
TCGA-80-5611-01,63.05310345,0.371483448,54,3.08,0.51,13,0.2913
TCGA-55-6972-01,81.56006796,0.121876314,21,3.68,0.83,13,0.2864
TCGA-97-7941-01,38.22864642,0.040671137,3,1.97,0.36,5,0.3364
TCGA-91-6840-01,49.66344828,0.355331245,39,2.84,0.62,1,0.2902
TCGA-69-7978-01,50.85246377,0.26220781,25,3.06,0.2,55,0.3431
TCGA-50-5930-01,38.62235294,0.994437068,24,2.08,0.95,48,0.2831
TCGA-93-8067-01,37.91941346,0.325093628,40,4.4,0.32,9,0.3262
TCGA-44-A479-01,55.90589505,0.184723202,31,2.14,0.36,43,0.3191
TCGA-55-8087-01,91.8999951,0.055803285,9,1.98,0.82,1,0.3177
TCGA-MP-A4SW-01,55.73797027,0.215211919,39,2.03,0.46,24,0.3122
TCGA-55-8512-01,52.82804588,0.172946818,16,1.94,0.35,2,0.318
TCGA-50-6592-01,54.04795987,0.549881614,33,2.38,0.28,1,0.2877
TCGA-55-6975-01,47.57682984,0.325768311,24,1.69,0.46,4,0.2973
TCGA-S2-AA1A-01,42.76189753,0.098629297,12,2.41,0.32,12,0.3278
TCGA-55-8511-01,41.56146504,0.335762815,64,3.18,0.19,40,0.3413
TCGA-05-4434-01,69.59142857,0.120467855,19,1.97,0.45,5,0.2715
TCGA-55-8092-01,55.17990676,0.317949771,38,3.24,0.38,23,0.319
TCGA-44-7661-01,37.97287093,0.067938218,6,2.12,0.29,26,0.3087
TCGA-05-4426-01,36.16423042,0.109050071,14,1.99,0.7,3,0.2836
TCGA-05-4390-01,46.34603256,0.054043287,27,3.89,0.57,51,0.2876
TCGA-64-5815-01,34.3262069,0.199255801,31,1.99,0.35,5,0.2793
TCGA-69-7761-01,42.36,0.068986485,11,3.68,0.23,2,0.3157
TCGA-55-8301-01,53.4873122,0.397799691,22,2.2,0.26,17,0.3329
TCGA-44-A4SU-01,49.42,0.468764716,29,2.07,0.59,3,0.3233
TCGA-69-7765-01,45.35011765,0.140460627,14,2.02,0.41,18,0.3239
TCGA-05-4433-01,22.61807386,0.146090966,17,1.89,0.62,0,0.3053
TCGA-55-8508-01,49.73489857,0.275975862,36,2.94,0.38,101,0.3292
TCGA-50-5044-01,38.99378453,0.095604189,6,2.05,0.23,2,0.313
TCGA-05-4384-01,29.652,0.019193188,8,2.03,0.49,4,0.285
TCGA-O1-A52J-01,40.70295875,0.279037849,29,3.44,0.5,15,0.322
TCGA-78-7220-01,52.96962929,0.442615312,41,2.71,0.61,21,0.317
TCGA-05-4422-01,29.62800971,0.130803534,20,2.06,0.62,9,0.2843
TCGA-44-6779-01,57.43947262,0.480642699,33,1.58,0.6,6,0.2979
TCGA-86-8672-01,60.40562229,0.413833736,36,2.74,0.32,11,0.3472
TCGA-55-6983-01,52.22795455,0.107539723,2,2.05,0.27,19,0.3045
TCGA-91-8499-01,58.39027169,0.378744712,65,2.86,0.77,13,0.3308
TCGA-91-6836-01,58.36466863,0.229022182,42,3.4,0.67,14,0.3153
TCGA-NJ-A4YG-01,57.59926829,0.154349597,12,2.34,0.32,0,0.3188
TCGA-73-4658-01,42.36,0.127810791,17,2.14,0.29,14,0.3074
TCGA-55-6987-01,48.41142857,0.579516982,17,2.31,0.16,9,0.3051
TCGA-78-7152-01,41.35142857,0.093553433,18,1.99,0.55,1,0.3139
TCGA-55-8096-01,58.18075647,0.463144296,24,2.73,0.25,0,0.3506
TCGA-75-5122-01,50.78519337,0.262836464,17,1.87,0.32,35,0.2898
TCGA-50-5931-01,31.96931366,0.23670489,18,1.92,0.86,13,0.3013
TCGA-49-AARO-01,40.00042659,0.185059144,37,3.08,0.28,32,0.3115
TCGA-44-2655-01,34.33324855,0.072229609,5,2.08,0.33,7,0.2747
TCGA-73-4668-01,51.62579463,0.29696047,35,3.19,0.53,23,0.2789
TCGA-91-6831-01,62.34312734,0.289507135,39,3.3,0.5,42,0.3197
TCGA-L9-A444-01,56.05782278,0.436631551,46,2.77,0.37,26,0.3278
TCGA-05-5425-01,59.38411189,0.959189102,21,1.08,0.71,4,0.3001
TCGA-44-6775-01,38.49590286,0.258209626,27,3.36,0.27,11,0.3101
TCGA-75-7025-01,59.75785714,0.12158575,7,3.59,0.34,0,0.296
TCGA-05-5429-01,43.15549296,0.134172434,14,2.06,0.82,4,0.3031
TCGA-99-7458-01,32.22522981,0.273759506,12,1.88,0.36,71,0.2904
TCGA-97-7546-01,35.26149265,0.19262988,11,1.85,0.67,7,0.3147
TCGA-67-3772-01,74.87878788,0.27249992,12,1.84,0.45,10,0.2699
TCGA-05-4395-01,53.86113617,0.418150203,36,3.22,0.61,1,0.2956
TCGA-91-7771-01,62.72538462,0.129294501,36,5,0.32,13,0.3602
TCGA-55-6984-01,32.45928994,0.057084949,12,4.06,0.81,8,0.3082
TCGA-44-3918-01,53.99707134,0.408552823,58,1.8,0.45,80,0.3106
TCGA-50-8459-01,37.38563149,0.119093284,7,1.9,0.29,2,0.3327
TCGA-69-7980-01,68.42163064,0.489961221,49,3.76,0.55,72,0.3681
TCGA-50-5939-01,33.2761067,0.281796719,35,1.75,0.38,4,0.3341
TCGA-75-5126-01,37.065,0.206278857,17,2.29,0.24,60,0.2958
TCGA-50-6594-01,35.18543611,0.319659618,47,3.61,0.6,75,0.3083
TCGA-MP-A5C7-01,32.86896226,0.128862309,14,2.01,0.87,2,0.3234
TCGA-44-5645-01,34.49938482,0.151565615,10,2.38,0.54,0,0.3481
TCGA-50-5935-01,48.88028926,0.155894057,13,5.81,0.39,5,0.3089
TCGA-55-7914-01,38.10795455,0.195574162,26,1.92,0.56,23,0.3043
TCGA-55-7576-01,64.77290441,0.344531094,53,2.84,0.47,6,0.3078
TCGA-73-4676-01,33.3585,0.756497063,20,1.31,0.77,25,0.3162
TCGA-78-7166-01,24.41929412,0.029535525,12,2.04,0.63,10,0.3093
TCGA-83-5908-01,45.89,0.428072931,16,1.66,0.4,11,0.3239
TCGA-50-5049-01,44.75773585,0.494435073,26,1.92,0.26,102,0.3052
TCGA-44-3396-01,41.49203276,0.046878265,10,2.13,0.24,16,0.3466
TCGA-97-8172-01,44.97291727,0.046176521,7,3.92,0.32,18,0.3222
TCGA-69-8255-01,55.2939196,0.341721685,50,3.27,0.37,86,0.3363
TCGA-62-A46U-01,45.84355263,0.168371651,34,3.73,0.25,0,0.3108
TCGA-97-8176-01,36.78406419,0.175482967,13,1.91,0.53,3,0.3459
TCGA-86-8358-01,50.94061538,0.297942785,70,3.55,0.72,71,0.3391
TCGA-05-4415-01,34.41868882,0.131609141,24,3.59,0.67,4,0.3033
TCGA-55-7281-01,46.67269229,0.21529155,12,3.07,0.42,42,0.2873
TCGA-78-7161-01,59.304,0.142061712,60,3.36,0.75,5,0.2989
TCGA-49-4507-01,49.34955096,0.280656292,42,2.69,0.35,5,0.2769
TCGA-55-8621-01,42.99217271,0.034226821,8,2.05,0.2,13,0.3078
TCGA-55-6970-01,39.63117253,0.694931375,16,1.36,0.56,12,0.3069
TCGA-75-6207-01,40.06908152,0.280728544,35,1.9,0.64,12,0.2953
TCGA-55-8205-01,50.38092517,0.260204275,16,3.33,0.22,219,0.3331
TCGA-69-7763-01,39.19517241,0.358400101,23,2.64,0.35,1,0.3202
TCGA-55-7913-01,51.36126206,0.26471975,32,2.94,0.35,18,0.3381
TCGA-62-8397-01,58.42249198,0.131545398,14,3.43,0.69,2,0.3149
TCGA-73-4659-01,49.51622682,0.122878291,16,3.5,0.33,12,0.2919
TCGA-91-A4BC-01,54.15170213,0.493724496,52,2.55,0.22,25,0.3357
TCGA-97-8547-01,35.52813269,0.280605936,31,1.88,0.48,1,0.3431
TCGA-97-8175-01,47.64691906,0.075193823,11,2.07,0.43,12,0.3039
TCGA-86-8075-01,67.03826146,0.325554595,29,4.21,0.3,8,0.2979
TCGA-55-6985-01,39.19517241,0.308468889,24,1.86,0.39,34,0.3005
TCGA-55-A48X-01,40.28116643,0.314712463,19,1.78,0.28,27,0.3152
TCGA-44-2657-01,37.94124113,0.402742244,28,1.71,0.34,1,0.2817
TCGA-95-7562-01,55.5975,0.414102533,23,3.68,0.55,28,0.3409
TCGA-55-7725-01,32.23043478,0.070774415,15,2,0.61,19,0.3117
TCGA-05-5715-01,29.652,0.272176761,11,1.82,0.73,5,0.3207
TCGA-55-A492-01,65.89333333,0.055442469,11,3.8,0.54,31,0.3293
TCGA-78-7145-01,42.32379487,0.159636427,26,3.37,0.63,10,0.296
TCGA-MN-A4N5-01,50.69183824,0.2885389,39,3.29,0.38,35,0.3204
TCGA-64-5778-01,35.62213555,0.307024717,27,1.76,0.59,49,0.3135
TCGA-J2-8194-01,56.48,0.054233904,7,3.38,0.44,1,0.313
TCGA-55-A57B-01,33.25108794,0.603041512,21,1.36,0.21,27,0.3221
TCGA-86-7711-01,32.73810852,0.452986587,43,1.88,0.33,62,0.3021
TCGA-91-8496-01,77.67014004,0.014294666,13,2.25,0.5,8,0.3433
TCGA-86-8280-01,47.72893634,0.238000118,19,2.56,0.45,0,0.3218
TCGA-44-6146-01,20.95423745,0.131347665,11,1.87,0.7,2,0.3286
TCGA-78-7146-01,51.45582483,0.278531036,50,2.79,0.68,9,0.2965
TCGA-35-4122-01,50.70765831,0.258209877,35,3.17,0.21,1,0.2776
TCGA-44-5643-01,43.86667028,0.59246218,24,1.63,0.56,2,0.321
TCGA-73-7498-01,45.04854126,0.087705382,10,2.01,0.62,14,0.3439
TCGA-75-6214-01,59.82421053,0.33247038,41,2.76,0.64,21,0.2991
TCGA-97-8174-01,51.36353843,0.164913643,32,3.62,0.3,12,0.3258
TCGA-55-8620-01,47.58295572,0.30211804,35,2.47,0.62,47,0.3391
TCGA-62-8399-01,46.46176056,0.485764097,37,2.44,0.5,7,0.3201
TCGA-80-5607-01,25.8946644,0.043412158,3,2.02,0.49,29,0.3103
TCGA-49-AAR2-01,25.8847165,0.187358712,19,1.9,0.69,108,0.3355
TCGA-55-6543-01,41.91160648,0.215419395,4,2.27,0.65,4,0.3
TCGA-49-4501-01,71.52744213,0.316111242,28,2.72,0.43,6,0.2866
TCGA-78-7156-01,39.76462313,0.066127538,12,1.98,0.8,12,0.2956
TCGA-62-A46S-01,35.89452632,0.131899794,26,3.85,0.45,1,0.3163
TCGA-49-AARQ-01,57.73258065,0.208463356,39,3.38,0.52,14,0.3256
TCGA-93-A4JN-01,68.29549662,0.246768396,23,2.59,0.37,7,0.3078
TCGA-91-6847-01,80.61007356,0.395756838,24,3.59,0.85,4,0.3373
TCGA-55-6642-01,50.10165517,0.175825345,34,2.61,0.37,8,0.3046
TCGA-55-8203-01,37.065,0.121257902,15,3.67,0.38,20,0.3099
TCGA-44-7670-01,45.80425309,0.328483731,53,4.89,0.5,66,0.3216
TCGA-38-6178-01,75.29559098,0.456219925,30,3.89,0.32,3,0.2925
TCGA-86-8074-01,67.07,0.461344702,46,3.81,0.51,1,0.3273
TCGA-55-8616-01,84.72,0.320033361,31,3.91,0.39,11,0.3503
TCGA-97-A4M0-01,25.87665958,0.151076471,26,3.78,0.55,22,0.33
TCGA-49-6767-01,54.35947986,0.33704136,30,3.24,0.43,1,0.3133
TCGA-MP-A4T9-01,49.8558481,0.311133729,37,2.11,0.18,2,0.307
TCGA-86-8073-01,38.65343422,0.197791099,22,1.88,0.43,74,0.3277
TCGA-MN-A4N4-01,70.80820375,0.177917297,51,4.12,0.34,85,0.3073
TCGA-97-A4M3-01,31.77,0.161831673,31,2.03,0.69,5,0.306
TCGA-86-7714-01,29.29420814,0.067423739,2,1.93,0.67,4,0.3042
TCGA-49-4487-01,51.71852761,0.164756256,29,3.17,0.17,45,0.295
TCGA-78-7542-01,56.4360461,0.40122229,31,4.69,0.35,11,0.324
TCGA-95-A4VK-01,24.89649057,0.094337616,17,2.02,0.57,3,0.3282
TCGA-55-7994-01,58.54764289,0.401948844,51,3.05,0.51,101,0.3527
TCGA-49-6742-01,58.05920407,0.068621862,9,3.61,0.49,12,0.3036
TCGA-55-8506-01,50.45473125,0.173727188,37,3.94,0.45,535,0.5316
TCGA-MP-A4TA-01,37.97135135,0.408359457,30,1.65,0.33,10,0.3176
TCGA-91-6828-01,53.30269973,0.055160331,22,4.62,0.37,14,0.299
TCGA-35-5375-01,65.0897561,0.415292257,45,3.7,0.58,11,0.3281
TCGA-97-A4M7-01,45.24403023,0.15440637,20,2.03,0.37,52,0.313
TCGA-78-7539-01,51.74501094,0.173280027,42,3.49,0.52,11,0.3056
TCGA-J2-8192-01,37.60893082,0.258676168,20,2.76,0.41,7,0.3327
TCGA-86-7713-01,47.31702128,0.201436044,35,3.59,0.65,19,0.3155
TCGA-67-6216-01,57.48857143,0.032463036,6,1.97,0.56,6,0.2921
TCGA-44-A47G-01,41.93443586,0.029637167,21,2.29,0.24,0,0.3181
TCGA-78-7147-01,49.91459568,0.221883456,40,3.15,0.62,25,0.3081
TCGA-44-3398-01,33.5642682,0,3,2.12,0.19,5,0.281
TCGA-78-7633-01,22.8744,0.095139955,8,2.19,0.75,28,0.3017
TCGA-78-7535-01,54.06473684,0.528796988,21,2.82,0.6,17,0.3105
TCGA-91-6835-01,47.22199987,0.347006296,23,1.99,0.21,0,0.2993
TCGA-55-6980-01,60.78365541,0.25093127,7,2.18,0.31,3,0.2955
TCGA-50-5936-01,34.95633413,0.376156841,27,1.64,0.6,2,0.3083
TCGA-73-4675-01,36.7457799,0.108350337,13,3.41,0.57,12,0.2958
TCGA-50-5932-01,26.28957474,0.3003984,25,1.81,0.84,10,0.3033
TCGA-49-AAR3-01,41.12498454,0.399628111,21,1.71,0.32,9,0.3164
TCGA-78-7154-01,64.42832621,0.469132604,49,3.82,0.5,36,0.3163
TCGA-55-7910-01,53.28017115,0.219850672,42,3.44,0.58,4,0.3415
TCGA-4B-A93V-01,58.44356585,0.428341016,36,2.67,0.62,18,0.3475
TCGA-91-6849-01,16.944,0.116812636,18,1.93,0.62,0,0.3012
TCGA-MP-A4SY-01,37.43939394,0.124081148,16,2.07,0.35,0,0.3095
TCGA-MP-A4SV-01,74.46695455,0.170200085,42,3.29,0.36,17,0.3118
TCGA-44-7672-01,50.90303619,0.184199379,28,2.8,0.21,15,0.3068
TCGA-50-6593-01,45.01640731,0.270173433,28,2.94,0.31,10,0.2839
TCGA-69-7973-01,38.5476,0.066122471,22,3.35,0.55,24,0.3631
TCGA-67-3771-01,54.52045017,0.332733972,51,2.88,0.46,74,0.3208
TCGA-99-8033-01,43.58569444,0.342946161,31,3.04,0.29,21,0.3357
TCGA-91-6848-01,61.27959328,0.495712321,63,3.44,0.31,12,0.2978
TCGA-93-A4JP-01,35.13954545,0.182579283,32,2.27,0.27,0,0.2995
TCGA-44-7660-01,65.53811321,0.410330183,41,3.25,0.58,12,0.3098
TCGA-69-7760-01,72.19413541,0.260400389,36,3.25,0.65,6,0.3473
TCGA-69-7764-01,63.48764202,0.254053645,20,1.8,0.8,2,0.3472
TCGA-95-7944-01,27.23983333,0.456510297,21,1.64,0.41,0,0.3321
TCGA-L9-A7SV-01,53.02394104,0.240422897,48,3.06,0.83,46,0.3574
TCGA-55-8089-01,37.3575592,0.358009723,24,1.8,0.33,13,0.3445
TCGA-55-7283-01,50.48508621,0.093376895,23,3.9,0.47,6,0.3037
TCGA-44-8117-01,49.14391061,0.282912824,38,2.89,0.66,93,0.3512
TCGA-53-7626-01,34.7484375,0.305206798,26,1.79,0.42,17,0.3176
TCGA-86-8673-01,42.62697479,0.446042398,53,2.56,0.4,61,0.3382
TCGA-95-8494-01,46.81058161,0.170521131,39,3.62,0.53,3,0.3051
TCGA-97-8171-01,33.09632706,0.052475582,12,2.21,0.82,0,0.3261
TCGA-50-7109-01,48.87692308,0.190929102,30,2.86,0.44,21,0.3035
TCGA-44-6145-01,32.00658022,0.469975263,8,1.66,0.31,17,0.3023
TCGA-55-8085-01,31.41271255,0.102256357,25,2.17,0.56,3,0.3109
TCGA-NJ-A4YF-01,58.17797468,0.439293117,63,3.21,0.55,137,0.3395
TCGA-NJ-A7XG-01,62.39271703,0.034571173,17,3.84,0.62,8,0.3235
TCGA-05-4403-01,21.65285919,0.057736257,10,2.06,0.46,4,0.2921
TCGA-55-8097-01,64.1111067,0.027998476,5,2.06,0.64,7,0.3278
TCGA-NJ-A4YQ-01,34.88470588,0.404941759,40,1.74,0.29,97,0.32
TCGA-97-7547-01,55.35681818,0.228120775,14,3.42,0.55,16,0.3077
TCGA-55-5899-01,49.67474227,0.352623996,45,2.83,0.67,13,0.3053
TCGA-05-4397-01,27.61651985,0.171678814,43,1.99,0.87,56,0.2886
TCGA-44-6777-01,44.83367424,0.371106646,12,1.82,0.34,18,0.3033
TCGA-55-7815-01,49.44975316,0.108606955,23,3.48,0.29,3,0.337
TCGA-91-6830-01,35.38022727,0.333360319,19,1.72,0.28,10,0.3068
TCGA-44-A4SS-01,45.41690722,0.136012227,44,3.29,0.25,57,0.3039
TCGA-44-7659-01,28.77021169,0.0763857,12,2.09,0.56,10,0.3019
TCGA-53-7813-01,52.18752,0.125678153,24,3.5,0.36,42,0.3387
TCGA-05-4382-01,50.36652495,0.319846409,33,2.93,0.21,133,0.3193
TCGA-05-5428-01,56.3388,0.2348984,41,3.34,0.63,11,0.298
TCGA-55-6986-01,50.37615151,0.043170315,9,1.96,0.4,4,0.2868
TCGA-91-A4BD-01,66.06020398,0.079265198,4,1.99,0.55,0,0.3219
TCGA-50-5066-01,43.11744037,0.524952817,14,2.06,0.27,19,0.2919
TCGA-49-AAR9-01,42.20289342,0.51019086,52,2.06,0.75,46,0.3436
TCGA-55-7907-01,43.99585366,0.226252347,32,3.56,0.39,46,0.3314
TCGA-95-7039-01,49.773,0.098154444,47,5.66,0.41,139,0.32
TCGA-64-1680-01,69.48077498,0.031483645,9,3.41,0.61,3,0.2725
TCGA-J2-A4AE-01,73.60479815,0.075764732,16,2.18,0.52,0,0.3188
TCGA-86-8359-01,50.88962674,0.226705886,44,3.19,0.44,37,0.3167
TCGA-55-8614-01,55.05561404,0.208142204,30,4.05,0.32,26,0.3412
TCGA-55-7574-01,36.77617709,0.361217311,15,2.25,0.19,17,0.3064
TCGA-44-5644-01,59.80165165,0.382868232,73,3.11,0.75,58,0.3216
TCGA-95-7948-01,46.01172414,0.262164693,25,3.51,0.71,2,0.3546
TCGA-73-4677-01,42.11931818,0.132694041,9,3.23,0.47,3,0.2761
TCGA-50-5942-01,51.44939046,0.050984334,4,1.95,0.69,14,0.2881
TCGA-78-7167-01,51.43554688,0.111139557,37,3.68,0.84,38,0.2999
TCGA-78-8662-01,59.66742935,0.543957287,68,2.74,0.79,25,0.3528
TCGA-86-8585-01,54.53430872,0.473569353,52,2.82,0.29,72,0.3245
TCGA-50-6591-01,93.99684,0.314474606,29,4.67,0.9,1,0.3244
TCGA-MP-A4TK-01,51.11246575,0.401372886,61,2.63,0.34,6,0.31
TCGA-55-7570-01,32.68724409,0.312501811,24,1.81,0.57,65,0.3006
TCGA-78-7163-01,59.38970221,0.122012105,12,2.56,0.68,0,0.3124
TCGA-05-4417-01,47.19075381,0.128418646,22,2.93,0.4,34,0.3033
TCGA-78-8655-01,36.89728507,0.111773358,20,4.26,0.46,30,0.3318
TCGA-97-7554-01,51.882528,0.193986232,37,5.21,0.29,16,0.305
TCGA-49-4505-01,55.43529467,0.211256091,30,3.02,0.45,7,0.3359
TCGA-86-8669-01,86.11199981,0.156598743,39,3.66,0.57,11,0.3342
TCGA-55-8208-01,51.59705919,0.186018952,18,2.22,0.24,8,0.2956
TCGA-75-6206-01,53.89623011,0.119018078,14,3.23,0.7,1,0.2995
TCGA-55-6971-01,42.48246957,0.112872451,18,3.28,0.23,1,0.293
TCGA-05-4410-01,61.55824561,0.299665912,32,4.49,0.24,20,0.3034
TCGA-55-8207-01,47.23488926,0.269152566,23,3.01,0.57,22,0.3312
TCGA-38-4625-01,54.79173913,0.334001245,40,2.98,0.35,16,0.2801
TCGA-55-6968-01,54.362,0.378922577,34,1.72,0.65,46,0.3192
TCGA-L4-A4E5-01,35.00583333,0.490408183,47,1.77,0.66,5,0.3166
TCGA-93-7347-01,41.94756014,0.098524446,10,2.01,0.3,6,0.3343
TCGA-62-A471-01,58.30848921,0.398988644,33,3.11,0.46,3,0.3326
TCGA-97-8177-01,76.64821656,0.412232674,32,3.13,0.25,8,0.3372
TCGA-78-7160-01,42.39598147,0.421734678,11,1.62,0.29,2,0.2959
TCGA-97-7938-01,34.07718954,0.090764288,16,2.05,0.61,12,0.3584
TCGA-64-1677-01,53.43518398,0.245079605,30,2.81,0.32,19,0.2728
TCGA-69-8253-01,41.98842105,0.0595423,14,3.14,0.39,8,0.3411
TCGA-78-7159-01,51.185,0.071383158,27,3.82,0.29,22,0.3248
TCGA-97-7937-01,51.45793814,0.183550488,21,2.82,0.59,11,0.3257
TCGA-44-2656-01,56.35982979,0.347811735,51,3.13,0.32,40,0.2996
TCGA-J2-A4AD-01,70.59524469,0.266592817,23,1.82,0.57,18,0.3088
TCGA-97-A4LX-01,37.065,0.309704933,27,1.77,0.2,12,0.3137
TCGA-62-A46P-01,34.88470588,0.108739788,16,2.05,0.7,14,0.3373
TCGA-55-7728-01,30.32006932,0.042806296,11,2.01,0.42,1,0.3474
TCGA-49-4510-01,54.19588235,0.282485812,21,3.38,0.64,2,0.2923
TCGA-55-A493-01,53.95613527,0.419385196,23,1.83,0.26,14,0.3235
TCGA-MP-A4TE-01,53.95750529,0.157355891,16,3.15,0.68,5,0.3258
TCGA-44-2659-01,60.81308392,0.199387416,17,3.57,0.42,20,0.2806
TCGA-55-1592-01,54.35294872,0.227960775,43,3.2,0.49,8,0.2803
TCGA-75-5146-01,34.50666749,0.284268073,18,1.78,0.58,11,0.3033
TCGA-64-5779-01,50.31043809,0.33460476,44,2.99,0.44,11,0.3101
TCGA-67-4679-01,27.99314685,0.045208021,16,2.03,0.71,21,0.2885
TCGA-44-7662-01,52.58110984,0.475819382,39,2.83,0.33,30,0.3017
TCGA-38-4626-01,41.3385387,0.002030443,8,2.07,0.28,18,0.2787
TCGA-86-8054-01,59.28373206,0.282647019,33,2.86,0.74,12,0.3127
TCGA-55-1596-01,45.0075,0.343673193,24,3.42,0.63,2,0.2772
TCGA-86-6851-01,43.1624327,0.311843983,38,3.26,0.32,15,0.3143
TCGA-64-5775-01,54.16232323,0.181729744,16,3.39,0.71,41,0.2952
TCGA-64-1676-01,37.39013158,0.425898467,34,1.72,0.51,10,0.2746
TCGA-44-7667-01,67.52304813,0.166882068,36,5.19,0.37,42,0.3057
TCGA-86-8281-01,27.36043971,0.044950008,9,2.08,0.54,28,0.3249
TCGA-97-8179-01,39.34345455,0.560250945,19,2.83,0.48,12,0.333
TCGA-78-7153-01,61.70821622,0.021295328,6,4,0.57,4,0.2986
TCGA-44-7669-01,47.89728118,0.268279135,37,3.37,0.5,37,0.3312
TCGA-95-A4VN-01,52.32705882,0.161228717,29,3.49,0.18,19,0.3233
TCGA-49-4494-01,37.29006161,0.22710314,15,2.05,0.46,2,0.2794
TCGA-49-6745-01,54.69786408,0.120478067,11,3.83,0.24,5,0.3083
TCGA-73-7499-01,70.73843137,0.508114637,35,3.22,0.38,7,0.3566
TCGA-78-7158-01,33.49321522,0.04938367,5,2.09,0.9,9,0.3136
TCGA-71-6725-01,75.0125,0.330074998,42,2.69,0.63,1,0.3174
TCGA-50-6590-01,56.37914286,0.492662805,27,2.93,0.25,129,0.2995
TCGA-55-A4DF-01,58.61910326,0.496891666,44,3.33,0.42,4,0.3092
TCGA-86-7954-01,54.32719718,0.17861146,32,4.41,0.27,1,0.3267
TCGA-L9-A743-01,49.9394899,0.071054494,51,6.48,0.09,8,0.3215
TCGA-55-8206-01,31.36269231,0.132998157,4,3.27,0.46,1,0.345
TCGA-86-A4P7-01,39.96573913,0.230008276,32,2.1,0.19,4,0.3312
TCGA-95-8039-01,33.47806452,0.283346953,19,1.93,0.47,13,0.3217
TCGA-75-6212-01,41.88345,0.031066389,0,2.74,0.43,2,0.2999
TCGA-50-5055-01,20.21727273,0.060968892,2,2.12,0.13,5,0.3077
TCGA-78-7150-01,57.65666667,0.429493429,55,2.99,0.46,34,0.312
TCGA-55-6978-01,57.9140625,0.220002365,9,2.07,0.26,4,0.279
TCGA-78-7536-01,53.96728182,0.375968275,66,3.04,0.78,39,0.3287
TCGA-64-1681-01,81.6928284,0.245604339,26,5.63,0.31,2,0.3243
TCGA-97-8552-01,45.85270268,0.413131372,26,3.6,0.27,2,0.3635
TCGA-49-AAR0-01,67.16274068,0.438660161,38,1.63,0.51,8,0.3252
TCGA-86-8668-01,58.94328548,0.123558204,19,3.93,0.41,1,0.3259
TCGA-53-7624-01,52.78190476,0.396555196,66,3.02,0.69,86,0.317
TCGA-49-4490-01,76.04396614,0.245001638,28,5.15,0.26,0,0.3009
TCGA-50-5946-01,50.91757576,0.952937443,32,2.63,0.75,20,0.2901
TCGA-MP-A4TH-01,45.1226087,0.076508213,16,2.11,0.4,0,0.3143
TCGA-91-6829-01,60.69003675,0.481045693,59,2.65,0.49,28,0.3066
TCGA-78-7540-01,37.73619718,0.182651371,17,2.02,0.59,4,0.3011
TCGA-99-8025-01,62.85677419,0.336391691,44,4.47,0.43,53,0.3262
TCGA-44-8120-01,33.84521212,0.405108564,22,1.73,0.54,121,0.3347
TCGA-49-4486-01,92.29934923,0.031617983,9,2.08,0.73,19,0.278
TCGA-55-8094-01,45.9802903,0.210583918,37,2.82,0.79,33,0.3206
TCGA-49-6743-01,46.45361345,0.269347593,33,2.96,0.27,37,0.2849
TCGA-99-AA5R-01,31.77,0.000106498,0,2,0.96,0,0.3341
TCGA-MP-A4T7-01,43.56536585,0.196040707,18,3.17,0.34,0,0.3288
TCGA-55-8090-01,42.16086966,0.056976139,9,3.62,0.41,9,0.3169
TCGA-97-A4M6-01,36.55020833,0.271364137,18,1.79,0.43,2,0.3076
TCGA-05-4427-01,62.62034211,0.122839486,34,4.77,0.47,128,0.3043
TCGA-55-8514-01,52.66528096,0.375580224,40,3.13,0.54,54,0.3151
TCGA-62-8402-01,82.73864516,0.548725336,19,4.23,0.5,0,0.335
TCGA-05-4424-01,62.46138889,0.102824552,29,4.42,0.24,24,0.3012
TCGA-38-4632-01,54.62210526,0.16045466,40,3.86,0.37,38,0.2967
TCGA-49-6761-01,51.90124367,0.289864346,24,3.19,0.29,14,0.2932
TCGA-05-4432-01,57.892,0.138321289,29,3.43,0.36,44,0.2759
TCGA-50-5072-01,40.41338264,0.200849689,16,2.55,0.4,17,0.2997
TCGA-50-5045-01,45.01463035,0.241455457,11,2.22,0.22,21,0.305
TCGA-86-8674-01,26.11397727,0.045323443,5,2.11,0.58,12,0.334
TCGA-50-8457-01,64.55339713,0.04937308,9,2.03,0.6,1,0.3402
TCGA-95-7947-01,32.74563657,0.26927,35,2.07,0.66,20,0.3598
