TCGA-05-4390-01,high-cold
TCGA-05-4396-01,high-cold
TCGA-05-4402-01,high-cold
TCGA-05-4415-01,high-cold
TCGA-05-4420-01,high-cold
TCGA-05-4424-01,high-cold
TCGA-05-4426-01,high-cold
TCGA-05-5429-01,high-cold
TCGA-05-5715-01,high-cold
TCGA-35-5375-01,high-cold
TCGA-38-4630-01,high-cold
TCGA-38-4631-01,high-cold
TCGA-44-6776-01,high-cold
TCGA-44-7667-01,high-cold
TCGA-44-7671-01,high-cold
TCGA-44-8120-01,high-cold
TCGA-49-4486-01,high-cold
TCGA-49-4490-01,high-cold
TCGA-49-4494-01,high-cold
TCGA-49-4507-01,high-cold
TCGA-49-4514-01,high-cold
TCGA-49-6742-01,high-cold
TCGA-49-6743-01,high-cold
TCGA-49-6761-01,high-cold
TCGA-49-AAR2-01,high-cold
TCGA-49-AAR9-01,high-cold
TCGA-49-AARE-01,high-cold
TCGA-49-AARN-01,high-cold
TCGA-4B-A93V-01,high-cold
TCGA-50-5072-01,high-cold
TCGA-50-5931-01,high-cold
TCGA-50-5932-01,high-cold
TCGA-50-5936-01,high-cold
TCGA-50-5942-01,high-cold
TCGA-50-5946-01,high-cold
TCGA-50-6591-01,high-cold
TCGA-50-6594-01,high-cold
TCGA-50-6595-01,high-cold
TCGA-50-7109-01,high-cold
TCGA-53-7624-01,high-cold
TCGA-55-1594-01,high-cold
TCGA-55-1595-01,high-cold
TCGA-55-1596-01,high-cold
TCGA-55-6642-01,high-cold
TCGA-55-6970-01,high-cold
TCGA-55-6972-01,high-cold
TCGA-55-6975-01,high-cold
TCGA-55-6984-01,high-cold
TCGA-55-7570-01,high-cold
TCGA-55-7726-01,high-cold
TCGA-55-8090-01,high-cold
TCGA-55-8203-01,high-cold
TCGA-55-8204-01,high-cold
TCGA-55-8302-01,high-cold
TCGA-55-8505-01,high-cold
TCGA-55-8507-01,high-cold
TCGA-55-8615-01,high-cold
TCGA-55-8616-01,high-cold
TCGA-55-8620-01,high-cold
TCGA-55-A48Y-01,high-cold
TCGA-55-A490-01,high-cold
TCGA-55-A492-01,high-cold
TCGA-62-8394-01,high-cold
TCGA-62-8395-01,high-cold
TCGA-62-8398-01,high-cold
TCGA-62-8402-01,high-cold
TCGA-62-A46O-01,high-cold
TCGA-62-A471-01,high-cold
TCGA-64-1677-01,high-cold
TCGA-64-1680-01,high-cold
TCGA-64-5774-01,high-cold
TCGA-67-6215-01,high-cold
TCGA-69-7763-01,high-cold
TCGA-69-7973-01,high-cold
TCGA-69-7979-01,high-cold
TCGA-69-8253-01,high-cold
TCGA-69-8255-01,high-cold
TCGA-71-6725-01,high-cold
TCGA-71-8520-01,high-cold
TCGA-73-4670-01,high-cold
TCGA-73-A9RS-01,high-cold
TCGA-75-6214-01,high-cold
TCGA-75-7027-01,high-cold
TCGA-78-7146-01,high-cold
TCGA-78-7147-01,high-cold
TCGA-78-7148-01,high-cold
TCGA-78-7149-01,high-cold
TCGA-78-7150-01,high-cold
TCGA-78-7152-01,high-cold
TCGA-78-7153-01,high-cold
TCGA-78-7154-01,high-cold
TCGA-78-7156-01,high-cold
TCGA-78-7158-01,high-cold
TCGA-78-7159-01,high-cold
TCGA-78-7166-01,high-cold
TCGA-78-7220-01,high-cold
TCGA-78-7535-01,high-cold
TCGA-78-7536-01,high-cold
TCGA-78-7537-01,high-cold
TCGA-78-7540-01,high-cold
TCGA-78-7542-01,high-cold
TCGA-78-7633-01,high-cold
TCGA-78-8640-01,high-cold
TCGA-78-8662-01,high-cold
TCGA-80-5608-01,high-cold
TCGA-80-5611-01,high-cold
TCGA-86-6562-01,high-cold
TCGA-86-7711-01,high-cold
TCGA-86-7713-01,high-cold
TCGA-86-7955-01,high-cold
TCGA-86-8054-01,high-cold
TCGA-86-8073-01,high-cold
TCGA-86-8358-01,high-cold
TCGA-86-8359-01,high-cold
TCGA-86-8585-01,high-cold
TCGA-86-8668-01,high-cold
TCGA-86-8673-01,high-cold
TCGA-86-8674-01,high-cold
TCGA-86-A4D0-01,high-cold
TCGA-86-A4JF-01,high-cold
TCGA-91-6829-01,high-cold
TCGA-91-6831-01,high-cold
TCGA-91-6836-01,high-cold
TCGA-91-6847-01,high-cold
TCGA-93-8067-01,high-cold
TCGA-93-A4JN-01,high-cold
TCGA-93-A4JP-01,high-cold
TCGA-95-7039-01,high-cold
TCGA-95-7043-01,high-cold
TCGA-95-7562-01,high-cold
TCGA-95-7567-01,high-cold
TCGA-95-7944-01,high-cold
TCGA-95-7947-01,high-cold
TCGA-95-A4VK-01,high-cold
TCGA-97-8176-01,high-cold
TCGA-J2-A4AD-01,high-cold
TCGA-L9-A50W-01,high-cold
TCGA-L9-A5IP-01,high-cold
TCGA-MN-A4N1-01,high-cold
TCGA-MN-A4N4-01,high-cold
TCGA-MP-A4T7-01,high-cold
TCGA-MP-A4T8-01,high-cold
TCGA-MP-A4TE-01,high-cold
TCGA-MP-A4TF-01,high-cold
TCGA-05-4389-01,low-hot
TCGA-05-4398-01,low-hot
TCGA-05-4403-01,low-hot
TCGA-05-4417-01,low-hot
TCGA-05-4433-01,low-hot
TCGA-05-4434-01,low-hot
TCGA-05-5420-01,low-hot
TCGA-05-5423-01,low-hot
TCGA-05-5425-01,low-hot
TCGA-35-4122-01,low-hot
TCGA-35-4123-01,low-hot
TCGA-38-4626-01,low-hot
TCGA-38-7271-01,low-hot
TCGA-38-A44F-01,low-hot
TCGA-44-2657-01,low-hot
TCGA-44-2661-01,low-hot
TCGA-44-3398-01,low-hot
TCGA-44-6774-01,low-hot
TCGA-44-6778-01,low-hot
TCGA-44-7659-01,low-hot
TCGA-44-7662-01,low-hot
TCGA-44-7669-01,low-hot
TCGA-44-A479-01,low-hot
TCGA-44-A47G-01,low-hot
TCGA-49-4487-01,low-hot
TCGA-49-4501-01,low-hot
TCGA-49-4505-01,low-hot
TCGA-49-4512-01,low-hot
TCGA-49-6744-01,low-hot
TCGA-49-AAR3-01,low-hot
TCGA-49-AAR4-01,low-hot
TCGA-49-AARO-01,low-hot
TCGA-49-AARR-01,low-hot
TCGA-50-5045-01,low-hot
TCGA-50-5049-01,low-hot
TCGA-50-5055-01,low-hot
TCGA-50-5066-01,low-hot
TCGA-50-5068-01,low-hot
TCGA-50-5935-01,low-hot
TCGA-50-5941-01,low-hot
TCGA-50-6597-01,low-hot
TCGA-50-8457-01,low-hot
TCGA-53-7626-01,low-hot
TCGA-55-6543-01,low-hot
TCGA-55-6969-01,low-hot
TCGA-55-6971-01,low-hot
TCGA-55-6979-01,low-hot
TCGA-55-6980-01,low-hot
TCGA-55-6985-01,low-hot
TCGA-55-6986-01,low-hot
TCGA-55-6987-01,low-hot
TCGA-55-7573-01,low-hot
TCGA-55-7574-01,low-hot
TCGA-55-7724-01,low-hot
TCGA-55-7725-01,low-hot
TCGA-55-7727-01,low-hot
TCGA-55-7728-01,low-hot
TCGA-55-7815-01,low-hot
TCGA-55-7816-01,low-hot
TCGA-55-7911-01,low-hot
TCGA-55-7995-01,low-hot
TCGA-55-8089-01,low-hot
TCGA-55-8091-01,low-hot
TCGA-55-8096-01,low-hot
TCGA-55-8097-01,low-hot
TCGA-55-8206-01,low-hot
TCGA-55-8208-01,low-hot
TCGA-55-8299-01,low-hot
TCGA-55-8301-01,low-hot
TCGA-55-8510-01,low-hot
TCGA-55-8511-01,low-hot
TCGA-55-8513-01,low-hot
TCGA-55-8619-01,low-hot
TCGA-55-A48X-01,low-hot
TCGA-55-A4DF-01,low-hot
TCGA-55-A57B-01,low-hot
TCGA-62-A46R-01,low-hot
TCGA-62-A46U-01,low-hot
TCGA-62-A46Y-01,low-hot
TCGA-64-1676-01,low-hot
TCGA-64-5778-01,low-hot
TCGA-67-3770-01,low-hot
TCGA-67-3771-01,low-hot
TCGA-67-3774-01,low-hot
TCGA-67-6217-01,low-hot
TCGA-69-7761-01,low-hot
TCGA-69-7765-01,low-hot
TCGA-69-7974-01,low-hot
TCGA-69-7978-01,low-hot
TCGA-69-8453-01,low-hot
TCGA-69-A59K-01,low-hot
TCGA-73-4658-01,low-hot
TCGA-73-4659-01,low-hot
TCGA-73-4662-01,low-hot
TCGA-73-7498-01,low-hot
TCGA-75-6206-01,low-hot
TCGA-75-7025-01,low-hot
TCGA-78-7162-01,low-hot
TCGA-78-7539-01,low-hot
TCGA-78-8648-01,low-hot
TCGA-78-8660-01,low-hot
TCGA-86-6851-01,low-hot
TCGA-86-8280-01,low-hot
TCGA-86-8669-01,low-hot
TCGA-86-8671-01,low-hot
TCGA-86-A456-01,low-hot
TCGA-86-A4P7-01,low-hot
TCGA-86-A4P8-01,low-hot
TCGA-91-6828-01,low-hot
TCGA-91-6835-01,low-hot
TCGA-91-6849-01,low-hot
TCGA-91-7771-01,low-hot
TCGA-91-8497-01,low-hot
TCGA-91-A4BC-01,low-hot
TCGA-93-7347-01,low-hot
TCGA-93-A4JO-01,low-hot
TCGA-93-A4JQ-01,low-hot
TCGA-95-A4VN-01,low-hot
TCGA-95-A4VP-01,low-hot
TCGA-97-7546-01,low-hot
TCGA-97-7552-01,low-hot
TCGA-97-7553-01,low-hot
TCGA-97-8172-01,low-hot
TCGA-97-8177-01,low-hot
TCGA-97-8552-01,low-hot
TCGA-97-A4LX-01,low-hot
TCGA-97-A4M0-01,low-hot
TCGA-97-A4M1-01,low-hot
TCGA-97-A4M2-01,low-hot
TCGA-97-A4M5-01,low-hot
TCGA-97-A4M6-01,low-hot
TCGA-97-A4M7-01,low-hot
TCGA-99-7458-01,low-hot
TCGA-99-8028-01,low-hot
TCGA-99-AA5R-01,low-hot
TCGA-J2-8192-01,low-hot
TCGA-J2-A4AE-01,low-hot
TCGA-J2-A4AG-01,low-hot
TCGA-L4-A4E6-01,low-hot
TCGA-L9-A444-01,low-hot
TCGA-L9-A743-01,low-hot
TCGA-L9-A8F4-01,low-hot
TCGA-MP-A4T4-01,low-hot
TCGA-MP-A4TH-01,low-hot
TCGA-MP-A4TI-01,low-hot
TCGA-MP-A4TJ-01,low-hot
TCGA-NJ-A4YG-01,low-hot
TCGA-NJ-A4YQ-01,low-hot
TCGA-O1-A52J-01,low-hot
